,date,quarter,department,day,team,targeted_productivity,smv,wip,over_time,incentive,idle_time,idle_men,no_of_style_change,no_of_workers,actual_productivity
0,0,0,2,3,8,0.8,26.16,1108.0,7080,98,0.0,0,0,59.0,0.940725424
1,0,0,1,3,1,0.75,3.94,1506.0,960,26,0.0,0,0,8.0,0.8865
2,0,0,2,3,11,0.8,11.41,968.0,3660,50,0.0,0,0,30.5,0.800570492
3,0,0,2,3,12,0.8,11.41,968.0,3660,50,0.0,0,0,30.5,0.800570492
4,0,0,2,3,6,0.8,25.9,1170.0,1920,50,0.0,0,0,56.0,0.800381944
5,0,0,2,3,7,0.8,25.9,984.0,6720,38,0.0,0,0,56.0,0.800125
6,0,0,1,3,2,0.75,3.94,1506.0,960,26,0.0,0,0,8.0,0.755166667
7,0,0,2,3,3,0.75,28.08,795.0,6900,45,0.0,0,0,57.5,0.753683478
8,0,0,2,3,2,0.75,19.87,733.0,6000,34,0.0,0,0,55.0,0.753097531
9,0,0,2,3,1,0.75,28.08,681.0,6900,45,0.0,0,0,57.5,0.750427826
10,0,0,2,3,9,0.7,28.08,872.0,6900,44,0.0,0,0,57.5,0.721126957
11,0,0,2,3,10,0.75,19.31,578.0,6480,45,0.0,0,0,54.0,0.712205247
12,0,0,2,3,5,0.8,11.41,668.0,3660,50,0.0,0,0,30.5,0.707045902
13,0,0,1,3,10,0.65,3.94,1506.0,960,26,0.0,0,0,8.0,0.705916667
14,0,0,1,3,8,0.75,2.9,1520.0,960,26,0.0,0,0,8.0,0.676666667
15,0,0,1,3,4,0.75,3.94,1506.0,2160,26,0.0,0,0,18.0,0.593055556
16,0,0,1,3,7,0.8,2.9,1520.0,960,26,0.0,0,0,8.0,0.540729167
17,0,0,2,3,4,0.65,23.69,861.0,7200,0,0.0,0,0,60.0,0.52118
18,0,0,0,3,11,0.7,4.15,1504.0,1440,26,0.0,0,0,12.0,0.436326389
19,19,0,1,1,4,0.8,4.15,1504.0,6600,26,0.0,0,0,20.0,0.988024691
20,19,0,1,1,11,0.75,2.9,1520.0,5640,26,0.0,0,0,17.0,0.987880435
21,19,0,1,1,9,0.8,4.15,1504.0,960,26,0.0,0,0,8.0,0.956270833
22,19,0,1,1,3,0.75,3.94,1506.0,1560,27,0.0,0,0,8.0,0.945277778
23,19,0,1,1,1,0.8,3.94,1506.0,960,27,0.0,0,0,8.0,0.902916667
24,19,0,2,1,1,0.8,28.08,772.0,6300,50,0.0,0,0,56.5,0.800725314
25,19,0,2,1,3,0.8,28.08,913.0,6540,50,0.0,0,0,54.5,0.800322936
26,19,0,2,1,8,0.8,26.16,1261.0,7080,50,0.0,0,0,59.0,0.800318644
27,19,0,2,1,12,0.8,26.16,844.0,7080,63,0.0,0,0,59.0,0.800318644
28,19,0,2,1,11,0.8,11.61,1005.0,7080,50,0.0,0,0,29.5,0.800237288
29,19,0,2,1,5,0.8,11.61,659.0,7080,50,0.0,0,0,31.5,0.800148649
30,19,0,2,1,6,0.8,25.9,1152.0,6720,50,0.0,0,0,56.0,0.800125
31,19,0,2,1,7,0.8,25.9,1138.0,6720,38,0.0,0,0,56.0,0.800125
32,19,0,2,1,10,0.75,19.31,610.0,6480,56,0.0,0,0,54.0,0.787299691
33,19,0,1,1,2,0.8,4.15,1504.0,960,27,0.0,0,0,8.0,0.782447917
34,19,0,2,1,2,0.75,19.87,944.0,6600,45,0.0,0,0,55.0,0.75024303
35,19,0,1,1,10,0.7,4.15,1504.0,960,27,0.0,0,0,8.0,0.7018125
36,19,0,2,1,4,0.7,23.69,544.0,13800,0,0.0,0,0,60.0,0.700134038
37,19,0,2,1,9,0.7,28.08,1072.0,6900,40,0.0,0,0,57.5,0.699965217
38,19,0,1,1,8,0.8,2.9,1520.0,960,27,0.0,0,0,8.0,0.628333333
39,19,0,1,1,7,0.8,3.94,1506.0,960,27,0.0,0,0,8.0,0.6253125
40,21,0,1,2,3,0.75,4.15,1504.0,1560,27,0.0,0,0,8.0,0.991388889
41,21,0,1,2,9,0.8,3.94,1506.0,960,27,0.0,0,0,8.0,0.931645833
42,21,0,1,2,1,0.8,3.94,1506.0,960,27,0.0,0,0,8.0,0.915229167
43,21,0,2,2,6,0.8,11.61,539.0,6975,50,0.0,0,0,31.0,0.879714482
44,21,0,1,2,4,0.8,3.94,1506.0,6600,27,0.0,0,0,20.0,0.861679012
45,21,0,2,2,9,0.8,26.16,1278.0,7080,60,0.0,0,0,59.0,0.850569492
46,21,0,2,2,7,0.8,25.9,1227.0,7020,60,0.0,0,0,56.5,0.850436438
47,21,0,2,2,8,0.8,25.9,1039.0,6780,45,0.0,0,0,56.5,0.850345133
48,21,0,2,2,4,0.8,28.08,878.0,4260,50,0.0,0,0,55.5,0.800598058
49,21,0,2,2,1,0.8,26.16,1033.0,7080,63,0.0,0,0,59.0,0.800318644
50,21,0,2,2,2,0.8,28.08,782.0,6660,50,0.0,0,0,55.5,0.800237838
51,21,0,2,2,12,0.8,11.61,1216.0,6975,50,0.0,0,0,31.0,0.800030199
52,21,0,1,2,2,0.8,3.94,1506.0,960,27,0.0,0,0,8.0,0.792104167
53,21,0,1,2,10,0.7,3.94,1506.0,4320,27,0.0,0,0,18.0,0.759228395
54,21,0,2,2,11,0.75,19.31,513.0,6480,45,0.0,0,0,54.0,0.750348457
55,21,0,2,2,3,0.75,19.87,734.0,6600,45,0.0,0,0,55.0,0.75024303
56,21,0,2,2,10,0.7,28.08,1202.0,6900,40,0.0,0,0,57.5,0.699965217
57,21,0,1,2,8,0.8,2.9,1520.0,960,27,0.0,0,0,8.0,0.682708333
58,21,0,1,2,7,0.8,2.9,1520.0,960,27,0.0,0,0,8.0,0.667604167
59,21,0,2,2,5,0.7,45.67,884.0,6960,26,0.0,0,0,58.0,0.603432184
60,21,0,1,2,11,0.75,4.15,1504.0,960,27,0.0,0,0,8.0,0.345833333
61,22,0,1,0,1,0.8,3.94,1506.0,1920,27,0.0,0,0,8.0,0.961059028
62,22,0,1,0,11,0.8,3.94,1506.0,2400,27,0.0,0,0,10.0,0.939513889
63,22,0,1,0,4,0.8,3.94,1506.0,3840,27,0.0,0,0,16.0,0.893663194
64,22,0,1,0,3,0.75,4.15,1504.0,1920,27,0.0,0,0,8.0,0.875390625
65,22,0,2,0,9,0.8,26.16,1227.0,7080,75,0.0,0,0,59.0,0.850569492
66,22,0,1,0,9,0.8,2.9,1520.0,1920,27,0.0,0,0,8.0,0.820833333
67,22,0,1,0,2,0.8,3.94,1506.0,960,27,0.0,0,0,8.0,0.804416667
68,22,0,2,0,7,0.8,25.9,1255.0,6780,50,0.0,0,0,56.5,0.800684366
69,22,0,2,0,8,0.8,25.9,1047.0,6780,38,0.0,0,0,56.5,0.800684366
70,22,0,2,0,1,0.8,26.16,1138.0,7080,63,0.0,0,0,59.0,0.800318644
71,22,0,2,0,11,0.8,19.31,678.0,4800,50,0.0,0,0,55.0,0.800250962
72,22,0,2,0,6,0.8,11.61,712.0,7200,50,0.0,0,0,32.0,0.800246011
73,22,0,2,0,12,0.8,11.61,1037.0,7200,50,0.0,0,0,32.0,0.800246011
74,22,0,2,0,2,0.8,28.08,757.0,6900,50,0.0,0,0,57.5,0.800076522
75,22,0,2,0,4,0.8,28.08,759.0,6900,50,0.0,0,0,57.5,0.800076522
76,22,0,1,0,10,0.75,2.9,1520.0,960,27,0.0,0,0,8.0,0.763375
77,22,0,1,0,5,0.6,2.9,1520.0,960,27,0.0,0,0,8.0,0.759270833
78,22,0,2,0,10,0.75,28.08,1083.0,7020,45,0.0,0,0,58.5,0.7504
79,22,0,2,0,3,0.75,19.87,944.0,6600,45,0.0,0,0,55.0,0.75024303
80,22,0,1,0,7,0.8,3.94,1506.0,960,27,0.0,0,0,8.0,0.676666667
81,22,0,1,0,8,0.8,2.9,1520.0,960,27,0.0,0,0,8.0,0.664583333
82,22,0,2,0,5,0.6,21.98,666.0,6960,23,0.0,0,0,58.0,0.600028736
83,23,0,1,4,4,0.8,3.94,1506.0,4440,27,0.0,0,0,18.0,0.966781346
84,23,0,1,4,1,0.8,3.94,1506.0,1440,27,0.0,0,0,8.0,0.936496212
85,23,0,1,4,3,0.75,4.15,1504.0,1800,27,0.0,0,0,10.0,0.899166667
86,23,0,1,4,11,0.8,4.15,1504.0,2700,27,0.0,0,0,15.0,0.888686869
87,23,0,1,4,9,0.8,3.94,1506.0,1440,27,0.0,0,0,8.0,0.858143939
88,23,0,2,4,1,0.8,26.16,1187.0,10620,75,0.0,0,0,59.0,0.850502311
89,23,0,2,4,9,0.8,26.16,1305.0,10620,75,0.0,0,0,59.0,0.850502311
90,23,0,1,4,10,0.75,3.94,1506.0,1440,27,0.0,0,0,8.0,0.809640152
91,23,0,1,4,2,0.8,3.94,1506.0,1440,27,0.0,0,0,8.0,0.805909091
92,23,0,2,4,2,0.8,28.08,716.0,10350,50,0.0,0,0,57.5,0.800594466
93,23,0,2,4,4,0.8,28.08,925.0,10350,50,0.0,0,0,57.5,0.800594466
94,23,0,2,4,3,0.8,19.87,963.0,9900,50,0.0,0,0,55.0,0.800273829
95,23,0,2,4,12,0.8,11.61,1101.0,5310,50,0.0,0,0,31.5,0.800140969
96,23,0,2,4,7,0.8,25.9,1035.0,10170,38,0.0,0,0,56.5,0.800128721
97,23,0,2,4,8,0.8,25.9,1083.0,10170,38,0.0,0,0,56.5,0.800128721
98,23,0,2,4,6,0.8,11.61,910.0,4470,38,0.0,0,0,31.5,0.80007657
99,23,0,2,4,10,0.75,28.08,1209.0,10530,45,0.0,0,0,58.5,0.750545455
100,23,0,2,4,11,0.75,19.31,590.0,9900,45,0.0,0,0,55.0,0.750057851
101,23,0,1,4,8,0.8,2.9,1520.0,1440,27,0.0,0,0,8.0,0.681060606
102,23,0,2,4,5,0.65,21.98,808.0,10440,35,0.0,0,0,58.0,0.649983281
103,23,0,1,4,7,0.8,2.9,1520.0,1440,27,0.0,0,0,8.0,0.61625
104,24,0,1,5,1,0.8,3.94,1506.0,1440,27,0.0,0,0,8.0,0.951420455
105,24,0,1,5,9,0.8,3.94,1506.0,1440,27,0.0,0,0,8.0,0.880530303
106,24,0,2,5,1,0.8,26.16,1179.0,10620,75,0.0,0,0,59.0,0.850502311
107,24,0,2,5,9,0.8,26.16,1324.0,10620,75,0.0,0,0,59.0,0.850502311
108,24,0,2,5,8,0.8,25.9,1135.0,10170,60,0.0,0,0,56.5,0.850136766
109,24,0,1,5,3,0.75,4.15,1504.0,2700,28,0.0,0,0,15.0,0.83
110,24,0,1,5,4,0.8,3.94,1506.0,4440,28,0.0,0,0,18.0,0.827186544
111,24,0,1,5,2,0.8,3.94,1506.0,1440,28,0.0,0,0,8.0,0.813371212
112,24,0,1,5,10,0.75,3.94,1506.0,1440,28,0.0,0,0,8.0,0.805909091
113,24,0,1,5,7,0.8,2.9,1520.0,1440,28,0.0,0,0,8.0,0.804640152
114,24,0,2,5,2,0.8,28.08,776.0,10350,63,0.0,0,0,57.5,0.800594466
115,24,0,2,5,4,0.8,28.08,990.0,10350,50,0.0,0,0,57.5,0.800594466
116,24,0,2,5,6,0.8,11.41,986.0,5490,50,0.0,0,0,30.5,0.800343766
117,24,0,2,5,3,0.8,19.87,924.0,9900,50,0.0,0,0,55.0,0.800273829
118,24,0,2,5,12,0.8,11.61,1120.0,5670,50,0.0,0,0,31.5,0.800246753
119,24,0,2,5,7,0.8,25.9,1066.0,10170,50,0.0,0,0,56.5,0.800128721
120,24,0,2,5,10,0.75,28.08,1144.0,10530,69,0.0,0,0,58.5,0.8
121,24,0,2,5,5,0.7,21.98,413.0,9720,40,0.0,0,0,58.0,0.700480831
122,24,0,1,5,8,0.8,2.9,1520.0,1440,28,0.0,0,0,8.0,0.681060606
123,24,0,1,5,6,0.8,2.9,1520.0,1800,28,0.0,0,0,10.0,0.666515152
124,24,0,2,5,11,0.8,31.83,568.0,9900,40,0.0,0,0,55.0,0.412119835
125,24,0,1,5,5,0.7,4.15,1504.0,1440,28,0.0,0,0,8.0,0.330113636
126,25,1,1,3,1,0.8,3.94,1506.0,1440,28,0.0,0,0,8.0,0.947689394
127,25,1,1,3,4,0.8,3.94,1506.0,12600,28,0.0,0,0,20.0,0.919905405
128,25,1,2,3,9,0.8,26.16,1216.0,10620,88,0.0,0,0,59.0,0.900215716
129,25,1,1,3,9,0.8,3.94,1506.0,1440,28,0.0,0,0,8.0,0.891723485
130,25,1,2,3,1,0.8,26.16,1189.0,10620,75,0.0,0,0,59.0,0.850502311
131,25,1,2,3,4,0.8,28.08,942.0,10530,75,0.0,0,0,58.5,0.850181818
132,25,1,2,3,7,0.8,25.9,1050.0,10170,60,0.0,0,0,56.5,0.850136766
133,25,1,2,3,8,0.8,25.9,1026.0,10170,60,0.0,0,0,56.5,0.850136766
134,25,1,1,3,2,0.8,3.94,1506.0,1440,28,0.0,0,0,8.0,0.835757576
135,25,1,1,3,5,0.7,4.15,1504.0,3840,28,0.0,0,0,8.0,0.821354167
136,25,1,2,3,2,0.8,28.08,783.0,10050,63,0.0,0,0,58.5,0.800497246
137,25,1,2,3,3,0.8,19.87,857.0,9900,50,0.0,0,0,55.0,0.800273829
138,25,1,2,3,12,0.8,11.61,548.0,15120,63,0.0,0,0,31.5,0.800107143
139,25,1,2,3,6,0.8,11.41,411.0,14640,50,0.0,0,0,30.5,0.800024932
140,25,1,2,3,10,0.75,28.08,1066.0,10530,69,0.0,0,0,58.5,0.8
141,25,1,1,3,10,0.75,3.94,1506.0,1440,28,0.0,0,0,8.0,0.779791667
142,25,1,1,3,8,0.8,2.9,1520.0,1440,28,0.0,0,0,8.0,0.735984848
143,25,1,1,3,3,0.75,4.15,1504.0,2160,28,0.0,0,0,12.0,0.712626263
144,25,1,1,3,7,0.8,2.9,1520.0,1440,28,0.0,0,0,8.0,0.681060606
145,25,1,1,3,11,0.8,4.15,1504.0,900,28,0.0,0,0,5.0,0.515606061
146,25,1,2,3,11,0.35,12.52,287.0,25920,38,0.0,0,0,54.0,0.349951389
147,25,1,2,3,5,0.7,42.41,724.0,10260,0,0.0,0,0,57.0,0.233705476
148,1,1,1,1,1,0.8,3.94,1506.0,2160,28,0.0,0,0,8.0,0.985
149,1,1,1,1,3,0.75,4.15,1504.0,2760,28,0.0,0,0,12.0,0.930340376
150,1,1,1,1,4,0.8,3.94,1506.0,6000,28,0.0,0,0,20.0,0.911589744
151,1,1,1,1,9,0.8,3.94,1506.0,1440,28,0.0,0,0,8.0,0.858143939
152,1,1,2,1,9,0.8,26.16,1122.0,10620,75,0.0,0,0,59.0,0.851174114
153,1,1,2,1,7,0.8,25.9,970.0,10170,60,0.0,0,0,56.5,0.850136766
154,1,1,2,1,8,0.8,25.9,1158.0,10170,60,0.0,0,0,56.5,0.850136766
155,1,1,1,1,10,0.8,3.94,1506.0,1440,28,0.0,0,0,8.0,0.846950758
156,1,1,1,1,11,0.8,4.15,1504.0,1440,28,0.0,0,0,8.0,0.817424242
157,1,1,1,1,2,0.8,3.94,1506.0,1440,28,0.0,0,0,8.0,0.817102273
158,1,1,2,1,4,0.8,28.08,660.0,10440,63,0.0,0,0,58.0,0.801028213
159,1,1,2,1,2,0.8,28.08,749.0,10350,63,0.0,0,0,57.5,0.800594466
160,1,1,2,1,12,0.8,11.61,893.0,4710,50,0.0,0,0,31.5,0.800346445
161,1,1,2,1,6,0.8,11.41,887.0,5490,50,0.0,0,0,30.5,0.800343766
162,1,1,2,1,1,0.8,26.16,1335.0,10620,63,0.0,0,0,59.0,0.800117103
163,1,1,2,1,10,0.8,28.08,1082.0,10530,63,0.0,0,0,58.5,0.8
164,1,1,2,1,3,0.75,19.87,1075.0,7080,45,0.0,0,0,56.0,0.750098351
165,1,1,2,1,11,0.5,12.52,749.0,9540,38,0.0,0,0,53.0,0.673245283
166,1,1,1,1,7,0.8,2.9,1520.0,1440,28,0.0,0,0,8.0,0.670075758
167,1,1,1,1,8,0.8,2.9,1520.0,1440,28,0.0,0,0,8.0,0.628882576
168,1,1,2,1,5,0.5,20.79,966.0,7680,0,0.0,0,0,56.0,0.388007813
169,1,1,1,1,5,0.5,4.15,1504.0,1440,28,0.0,0,0,8.0,0.337973485
170,2,1,1,2,3,0.75,4.15,1504.0,1440,28,0.0,0,0,8.0,0.93532197
171,2,1,1,2,4,0.8,3.94,1506.0,3600,28,0.0,0,0,20.0,0.925643939
172,2,1,2,2,9,0.8,26.16,1095.0,10620,88,0.0,0,0,59.0,0.900215716
173,2,1,1,2,1,0.8,3.94,1506.0,1440,28,0.0,0,0,8.0,0.873068182
174,2,1,1,2,9,0.8,3.94,1506.0,1440,28,0.0,0,0,8.0,0.858143939
175,2,1,2,2,1,0.8,26.16,1383.0,10620,75,0.0,0,0,59.0,0.850502311
176,2,1,2,2,7,0.8,25.9,1012.0,10170,45,0.0,0,0,56.5,0.850136766
177,2,1,2,2,8,0.8,25.9,1209.0,10170,60,0.0,0,0,56.5,0.850136766
178,2,1,1,2,10,0.8,3.94,1506.0,1440,28,0.0,0,0,8.0,0.828295455
179,2,1,1,2,2,0.8,3.94,1506.0,1440,28,0.0,0,0,8.0,0.820833333
180,2,1,2,2,6,0.8,11.41,887.0,5490,50,0.0,0,0,30.5,0.800343766
181,2,1,2,2,12,0.8,11.61,896.0,5670,50,0.0,0,0,31.5,0.800246753
182,2,1,2,2,2,0.8,28.08,805.0,10530,63,0.0,0,0,58.5,0.8
183,2,1,2,2,10,0.8,28.08,762.0,10530,38,0.0,0,0,58.5,0.8
184,2,1,2,2,3,0.8,19.87,1043.0,6420,0,0.0,0,0,55.0,0.690182815
185,2,1,1,2,11,0.8,4.15,1504.0,1440,29,0.0,0,0,8.0,0.668087121
186,2,1,1,2,8,0.8,2.9,1520.0,1440,29,0.0,0,0,8.0,0.653598485
187,2,1,1,2,5,0.5,4.15,1504.0,1440,29,0.0,0,0,8.0,0.609138258
188,2,1,2,2,11,0.6,12.52,831.0,9540,30,0.0,0,0,53.0,0.600229846
189,2,1,1,2,6,0.8,2.9,1520.0,1440,29,0.0,0,0,8.0,0.597348485
190,2,1,1,2,7,0.8,2.9,1520.0,1440,29,0.0,0,0,8.0,0.590435606
191,2,1,2,2,4,0.8,50.48,562.0,10440,0,0.0,0,0,58.0,0.473134796
192,2,1,2,2,5,0.6,20.79,1208.0,7980,0,0.0,0,0,57.0,0.452979626
193,3,1,1,0,1,0.8,3.94,1506.0,1440,29,0.0,0,0,8.0,0.955151515
194,3,1,1,0,4,0.35,4.3,1502.0,3240,29,0.0,0,0,18.0,0.942213805
195,3,1,1,0,3,0.8,4.15,1504.0,1800,29,0.0,0,0,10.0,0.905454545
196,3,1,1,0,2,0.8,3.94,1506.0,1440,29,0.0,0,0,8.0,0.880530303
197,3,1,1,0,9,0.8,3.94,1506.0,1440,29,0.0,0,0,8.0,0.858143939
198,3,1,2,0,1,0.8,26.16,1099.0,8220,75,0.0,0,0,59.0,0.850522167
199,3,1,2,0,9,0.8,26.16,1093.0,10620,75,0.0,0,0,59.0,0.850502311
200,3,1,2,0,7,0.8,25.9,1031.0,10170,60,0.0,0,0,56.5,0.850136766
201,3,1,2,0,8,0.8,25.9,1233.0,10170,60,0.0,0,0,56.5,0.850136766
202,3,1,1,0,6,0.8,2.9,1520.0,1440,29,0.0,0,0,8.0,0.817424242
203,3,1,1,0,5,0.65,4.15,1504.0,1440,29,0.0,0,0,8.0,0.809564394
204,3,1,2,0,3,0.8,19.87,941.0,9900,0,0.0,0,0,55.0,0.800273829
205,3,1,2,0,6,0.8,11.41,843.0,5670,50,0.0,0,0,31.5,0.800181818
206,3,1,2,0,12,0.8,11.61,760.0,4470,50,0.0,0,0,31.5,0.80007657
207,3,1,2,0,2,0.8,28.08,737.0,10530,63,0.0,0,0,58.5,0.8
208,3,1,1,0,8,0.8,2.9,1520.0,1440,29,0.0,0,0,8.0,0.725
209,3,1,2,0,10,0.8,50.48,381.0,6930,45,0.0,0,0,58.5,0.688557555
210,3,1,2,0,5,0.65,20.79,1141.0,8460,0,0.0,0,0,59.0,0.650040783
211,3,1,2,0,11,0.65,12.52,1004.0,9540,44,0.0,0,0,53.0,0.64998056
212,3,1,1,0,7,0.8,2.9,1520.0,1440,29,0.0,0,0,8.0,0.648106061
213,3,1,1,0,11,0.8,4.15,1504.0,1440,29,0.0,0,0,8.0,0.640577652
214,3,1,2,0,4,0.35,22.4,581.0,7350,0,0.0,0,0,51.5,0.35063299
215,3,1,1,0,10,0.8,3.94,1506.0,1440,29,0.0,0,0,8.0,0.24625
216,4,1,1,4,4,0.35,4.3,1502.0,2160,29,0.0,0,0,12.0,0.952020202
217,4,1,1,4,1,0.8,3.94,1506.0,1440,29,0.0,0,0,2.0,0.951420455
218,4,1,1,4,10,0.8,3.94,1506.0,5400,29,0.0,0,0,20.0,0.912766667
219,4,1,1,4,3,0.8,4.15,1504.0,1620,29,0.0,0,0,9.0,0.901262626
220,4,1,1,4,9,0.8,3.94,1506.0,1440,29,0.0,0,0,8.0,0.858143939
221,4,1,2,4,1,0.8,26.16,1073.0,10620,75,0.0,0,0,59.0,0.850502311
222,4,1,2,4,9,0.8,26.16,1156.0,10620,75,0.0,0,0,59.0,0.850502311
223,4,1,2,4,8,0.8,25.9,1211.0,10260,60,0.0,0,0,57.0,0.850252525
224,4,1,2,4,7,0.8,25.9,1126.0,10170,60,0.0,0,0,56.5,0.850136766
225,4,1,1,4,5,0.65,4.15,1504.0,1440,29,0.0,0,0,8.0,0.821354167
226,4,1,1,4,2,0.8,3.94,1506.0,1440,29,0.0,0,0,8.0,0.805909091
227,4,1,2,4,6,0.8,11.61,1004.0,5670,50,0.0,0,0,31.5,0.800246753
228,4,1,2,4,12,0.8,11.61,1063.0,5670,50,0.0,0,0,31.5,0.800246753
229,4,1,2,4,2,0.8,28.08,723.0,10530,50,0.0,0,0,58.5,0.8
230,4,1,2,4,3,0.8,42.27,465.0,9900,54,0.0,0,0,55.0,0.705576584
231,4,1,1,4,8,0.8,2.9,1520.0,1440,29,0.0,0,0,8.0,0.681060606
232,4,1,1,4,7,0.8,2.9,1520.0,1440,29,0.0,0,0,8.0,0.670075758
233,4,1,1,4,11,0.8,4.15,1504.0,1440,29,0.0,0,0,8.0,0.601278409
234,4,1,2,4,11,0.7,27.13,530.0,9540,37,0.0,0,0,53.0,0.582301029
235,4,1,2,4,5,0.7,20.79,1297.0,10440,0,0.0,0,0,58.0,0.526810345
236,4,1,2,4,4,0.5,22.4,783.0,10170,23,0.0,0,0,56.5,0.500380799
237,4,1,2,4,10,0.35,22.4,715.0,10170,23,0.0,0,0,56.5,0.35020649
238,5,1,1,5,11,0.8,4.15,1504.0,1980,29,0.0,0,0,7.0,0.934607438
239,5,1,1,5,4,0.35,4.3,1502.0,2700,29,0.0,0,0,8.0,0.908080808
240,5,1,2,5,7,0.8,25.9,1150.0,10170,70,0.0,0,0,56.5,0.900144811
241,5,1,1,5,1,0.8,3.94,1506.0,1440,29,0.0,0,0,8.0,0.891723485
242,5,1,1,5,5,0.65,4.15,1504.0,1440,29,0.0,0,0,15.0,0.864583333
243,5,1,1,5,9,0.8,3.94,1506.0,1440,29,0.0,0,0,8.0,0.858143939
244,5,1,2,5,9,0.8,26.16,1232.0,10620,75,0.0,0,0,59.0,0.850502311
245,5,1,2,5,8,0.8,25.9,1218.0,10170,60,0.0,0,0,56.5,0.850136766
246,5,1,1,5,7,0.8,2.9,1520.0,1440,29,0.0,0,0,8.0,0.837594697
247,5,1,1,5,3,0.8,4.15,1504.0,1440,29,0.0,0,0,7.0,0.820833333
248,5,1,2,5,12,0.8,11.61,1159.0,2970,50,0.0,0,0,31.5,0.800313433
249,5,1,2,5,6,0.8,11.61,972.0,5670,38,0.0,0,0,31.5,0.800246753
250,5,1,2,5,1,0.8,26.16,1092.0,10620,63,0.0,0,0,59.0,0.800117103
251,5,1,2,5,5,0.7,20.79,965.0,7320,0,0.0,0,0,58.0,0.700095563
252,5,1,1,5,8,0.8,2.9,1520.0,1440,30,0.0,0,0,8.0,0.667329545
253,5,1,2,5,4,0.6,22.4,816.0,5100,23,0.0,0,0,57.0,0.600369686
254,5,1,2,5,10,0.5,22.4,947.0,3390,23,0.0,0,0,56.5,0.499980334
255,5,1,2,5,11,0.35,14.61,838.0,7200,23,0.0,0,0,55.0,0.35003125
256,5,1,1,5,10,0.8,3.94,1506.0,1260,30,0.0,0,0,8.0,0.332359307
257,5,1,2,5,2,0.8,51.02,1086.0,4260,27,0.0,0,0,57.0,0.311207464
258,5,1,1,5,2,0.8,3.94,1506.0,1260,30,0.0,0,0,8.0,0.247316017
259,6,2,1,3,4,0.35,4.3,1502.0,3600,30,0.0,0,0,20.0,0.988636364
260,6,2,1,3,10,0.8,3.94,1506.0,3420,30,0.0,0,0,19.0,0.953110048
261,6,2,1,3,1,0.8,3.94,1506.0,1440,30,0.0,0,0,8.0,0.884261364
262,6,2,1,3,5,0.65,4.15,1504.0,1440,30,0.0,0,0,8.0,0.860653409
263,6,2,1,3,9,0.8,3.94,1506.0,1440,30,0.0,0,0,8.0,0.858143939
264,6,2,2,3,1,0.8,26.16,1160.0,10620,75,0.0,0,0,59.0,0.850502311
265,6,2,2,3,8,0.8,25.9,1177.0,8970,60,0.0,0,0,56.5,0.850415628
266,6,2,2,3,7,0.8,25.9,1281.0,10170,60,0.0,0,0,56.5,0.850136766
267,6,2,2,3,9,0.8,26.16,1369.0,10620,63,0.0,0,0,59.0,0.800117103
268,6,2,2,3,6,0.8,11.61,1084.0,4950,38,0.0,0,0,31.5,0.80003139
269,6,2,2,3,12,0.8,11.61,1216.0,4950,50,0.0,0,0,31.5,0.80003139
270,6,2,2,3,5,0.7,20.79,391.0,10440,0,0.0,0,0,58.0,0.700060345
271,6,2,1,3,7,0.8,2.9,1520.0,1440,30,0.0,0,0,8.0,0.689299242
272,6,2,2,3,3,0.5,22.52,1102.0,10170,30,0.0,0,0,56.5,0.660683293
273,6,2,2,3,4,0.65,22.52,872.0,10080,26,0.0,0,0,56.0,0.650130952
274,6,2,1,3,8,0.8,2.9,1520.0,1440,30,0.0,0,0,8.0,0.606912879
275,6,2,2,3,10,0.6,22.52,1076.0,10170,23,0.0,0,0,56.5,0.600291767
276,6,2,2,3,11,0.5,14.89,917.0,9900,30,0.0,0,0,55.0,0.500025069
277,6,2,2,3,2,0.5,22.94,1044.0,9810,23,0.0,0,0,54.5,0.499998888
278,7,2,1,1,5,0.65,4.15,1504.0,2700,30,0.0,0,0,15.0,0.98719697
279,7,2,1,1,2,0.8,3.94,1506.0,1800,30,0.0,0,0,10.0,0.980909091
280,7,2,1,1,10,0.8,3.94,1506.0,1440,30,0.0,0,0,8.0,0.974621212
281,7,2,1,1,1,0.8,3.94,1506.0,1440,30,0.0,0,0,8.0,0.884261364
282,7,2,1,1,9,0.8,3.94,1506.0,1800,30,0.0,0,0,10.0,0.82680303
283,7,2,2,1,6,0.8,11.41,1067.0,5490,63,0.0,0,0,30.5,0.800343766
284,7,2,2,1,12,0.8,11.61,1039.0,5670,63,0.0,0,0,31.5,0.800246753
285,7,2,2,1,7,0.8,25.9,1396.0,10170,50,0.0,0,0,56.5,0.800128721
286,7,2,2,1,8,0.8,25.9,1292.0,10170,50,0.0,0,0,56.5,0.800128721
287,7,2,2,1,1,0.8,48.68,171.0,10620,63,0.0,0,0,59.0,0.800117103
288,7,2,2,1,9,0.8,26.16,1128.0,10620,63,0.0,0,0,59.0,0.800117103
289,7,2,2,1,2,0.6,22.94,865.0,6570,23,0.0,0,0,56.5,0.77011398
290,7,2,2,1,4,0.7,22.52,825.0,10170,50,0.0,0,0,56.5,0.7005417
291,7,2,1,1,8,0.8,2.9,1520.0,1440,30,0.0,0,0,8.0,0.675568182
292,7,2,1,1,7,0.8,2.9,1520.0,1440,30,0.0,0,0,8.0,0.661837121
293,7,2,2,1,10,0.65,22.52,1163.0,9720,35,0.0,0,0,54.0,0.650198653
294,7,2,2,1,3,0.6,22.52,1140.0,10170,30,0.0,0,0,56.5,0.600291767
295,7,2,2,1,11,0.6,14.89,1027.0,10080,38,0.0,0,0,56.0,0.600273268
296,7,2,1,1,6,0.8,2.9,1520.0,900,30,0.0,0,0,5.0,0.465757576
297,7,2,2,1,5,0.7,41.19,1052.0,10440,21,0.0,0,0,58.0,0.452012539
298,7,2,1,1,11,0.8,4.15,1504.0,1260,30,0.0,0,0,7.0,0.313852814
299,8,2,1,2,5,0.6,4.15,1504.0,1440,30,0.0,0,0,8.0,0.852793561
300,8,2,1,2,11,0.65,4.15,1504.0,2160,30,0.0,0,0,12.0,0.838383838
301,8,2,1,2,6,0.8,2.9,1520.0,1800,30,0.0,0,0,10.0,0.804848485
302,8,2,2,2,6,0.8,11.41,1140.0,5490,63,0.0,0,0,30.5,0.800343766
303,8,2,2,2,7,0.8,48.84,624.0,10170,50,0.0,0,0,56.5,0.800128721
304,8,2,2,2,8,0.8,25.9,1288.0,10170,38,0.0,0,0,56.5,0.800128721
305,8,2,2,2,9,0.8,26.16,1381.0,3660,50,0.0,0,0,59.0,0.800015009
306,8,2,2,2,4,0.7,22.52,882.0,10170,50,0.0,0,0,56.5,0.7005417
307,8,2,2,2,10,0.7,22.52,1002.0,10080,40,0.0,0,0,56.0,0.700094156
308,8,2,1,2,7,0.8,2.9,1520.0,1440,30,0.0,0,0,8.0,0.692045455
309,8,2,2,2,12,0.8,26.87,585.0,5670,56,0.0,0,0,31.5,0.662255892
310,8,2,2,2,3,0.65,22.52,1138.0,10170,35,0.0,0,0,56.5,0.650416734
311,8,2,2,2,11,0.65,14.89,1140.0,10260,44,0.0,0,0,57.0,0.650299575
312,8,2,2,2,2,0.65,22.94,1025.0,10170,26,0.0,0,0,56.5,0.650243497
313,8,2,1,2,8,0.8,2.9,1520.0,1440,30,0.0,0,0,8.0,0.639867424
314,8,2,2,2,5,0.6,20.4,1031.0,10440,30,0.0,0,0,58.0,0.600062696
315,8,2,1,2,9,0.8,3.94,1506.0,1800,30,0.0,0,0,10.0,0.582045455
316,8,2,2,2,1,0.8,49.1,1381.0,10350,24,0.0,0,0,57.5,0.403242161
317,8,2,1,2,10,0.7,3.94,1506.0,1440,30,0.0,0,0,8.0,0.235795455
318,9,2,1,0,4,0.7,4.3,1502.0,5040,30,0.0,0,0,28.0,0.977272727
319,9,2,1,0,9,0.8,3.94,1506.0,1800,30,0.0,0,0,10.0,0.964106061
320,9,2,1,0,5,0.65,4.15,1504.0,1440,30,0.0,0,0,8.0,0.958901515
321,9,2,2,0,6,0.8,11.41,1028.0,4380,50,0.0,0,0,31.0,0.800358775
322,9,2,2,0,8,0.8,25.9,1380.0,3630,50,0.0,0,0,56.5,0.800162602
323,9,2,2,0,9,0.8,26.16,1196.0,10620,63,0.0,0,0,59.0,0.800117103
324,9,2,1,0,12,0.8,2.9,1520.0,1440,30,0.0,0,0,8.0,0.793844697
325,9,2,2,0,2,0.7,22.94,1006.0,10170,38,0.0,0,0,56.5,0.750517565
326,9,2,2,0,4,0.7,22.52,930.0,10260,63,0.0,0,0,57.0,0.750068049
327,9,2,2,0,3,0.7,22.52,1095.0,10170,50,0.0,0,0,56.5,0.750062751
328,9,2,2,0,10,0.7,22.52,938.0,10080,63,0.0,0,0,56.0,0.750057359
329,9,2,2,0,11,0.7,14.89,1484.0,10260,50,0.0,0,0,57.0,0.700170388
330,9,2,1,0,8,0.8,2.9,1520.0,1440,30,0.0,0,0,8.0,0.683806818
331,9,2,2,0,5,0.65,20.4,1255.0,8280,35,0.0,0,0,58.0,0.650066445
332,9,2,2,0,7,0.8,48.84,1040.0,10260,30,0.0,0,0,57.0,0.576460393
333,9,2,2,0,1,0.5,22.94,1492.0,10170,30,0.0,0,0,56.5,0.549969429
334,9,2,1,0,10,0.7,3.94,1506.0,1440,30,0.0,0,0,8.0,0.538399621
335,9,2,1,0,11,0.7,4.15,1504.0,1440,31,0.0,0,0,8.0,0.409545455
336,9,2,2,0,12,0.35,15.26,1111.0,6120,23,0.0,0,0,34.0,0.35021836
337,10,2,1,4,5,0.7,4.15,1504.0,1440,31,0.0,0,0,8.0,1.033570076
338,10,2,2,4,6,0.8,11.41,1047.0,5580,63,0.0,0,0,31.0,0.800261486
339,10,2,2,4,8,0.8,25.9,1434.0,10170,50,0.0,0,0,56.5,0.800128721
340,10,2,2,4,9,0.8,26.16,399.0,10620,63,0.0,0,0,59.0,0.800117103
341,10,2,2,4,4,0.7,22.52,983.0,10260,63,0.0,0,0,57.0,0.750068049
342,10,2,2,4,10,0.7,22.52,1108.0,10080,63,0.0,0,0,56.0,0.750057359
343,10,2,2,4,3,0.7,22.52,1134.0,8460,50,0.0,0,0,57.0,0.750037968
344,10,2,2,4,2,0.7,22.94,1363.0,10260,50,0.0,0,0,57.0,0.750031898
345,10,2,1,4,9,0.8,3.94,1506.0,1800,31,0.0,0,0,10.0,0.72830303
346,10,2,2,4,11,0.7,14.89,1501.0,10260,50,0.0,0,0,57.0,0.700170388
347,10,2,2,4,5,0.7,20.4,1352.0,10260,50,0.0,0,0,57.0,0.700063796
348,10,2,1,4,8,0.8,2.9,1520.0,1440,31,0.0,0,0,8.0,0.639867424
349,10,2,2,4,12,0.5,15.26,1352.0,3720,23,0.0,0,0,34.0,0.500290419
350,10,2,2,4,7,0.35,22.94,1450.0,10080,30,0.0,0,0,56.0,0.400332792
351,10,2,1,4,11,0.7,4.15,1504.0,2700,31,0.0,0,0,15.0,0.362666667
352,11,2,1,5,4,0.75,4.3,1502.0,6000,31,0.0,0,0,20.0,0.978525641
353,11,2,1,5,2,0.7,3.94,1506.0,5100,31,0.0,0,0,17.0,0.912202112
354,11,2,2,5,4,0.75,22.52,825.0,10080,94,0.0,0,0,56.0,0.900556277
355,11,2,2,5,6,0.8,11.61,916.0,5760,75,0.0,0,0,89.0,0.850410511
356,11,2,1,5,9,0.8,3.94,1506.0,2400,31,0.0,0,0,8.0,0.827147436
357,11,2,2,5,8,0.8,25.9,562.0,7470,38,0.0,0,0,56.5,0.800436542
358,11,2,2,5,2,0.7,22.94,1422.0,10500,60,0.0,0,0,57.0,0.800415742
359,11,2,2,5,10,0.7,22.52,1206.0,10080,75,0.0,0,0,56.0,0.800020563
360,11,2,1,5,5,0.7,4.15,1504.0,2400,31,0.0,0,0,8.0,0.758173077
361,11,2,2,5,5,0.7,20.4,1404.0,10440,50,0.0,0,0,58.0,0.750344828
362,11,2,2,5,3,0.7,22.52,1139.0,10260,63,0.0,0,0,57.0,0.750068049
363,11,2,2,5,11,0.7,14.89,1735.0,10260,50,0.0,0,0,57.0,0.700170388
364,11,2,2,5,1,0.65,22.94,1595.0,10260,34,0.0,0,0,57.0,0.700029771
365,11,2,2,5,12,0.6,15.26,1245.0,6360,23,0.0,0,0,34.0,0.60017284
366,11,2,1,5,8,0.8,2.9,1520.0,2400,31,0.0,0,0,8.0,0.594871795
367,11,2,2,5,9,0.8,54.56,757.0,4140,29,0.0,0,0,58.0,0.520237649
368,11,2,1,5,1,0.65,3.94,1506.0,2400,31,0.0,0,0,8.0,0.505128205
369,11,2,2,5,7,0.5,22.52,1720.0,10080,23,0.0,0,0,56.0,0.500241342
370,11,2,1,5,11,0.7,4.15,1504.0,2700,31,0.0,0,0,9.0,0.470769231
371,12,3,1,3,7,0.6,3.94,1506.0,6000,31,0.0,0,0,10.0,0.957638889
372,12,3,1,3,10,0.75,3.94,1506.0,8400,31,0.0,0,0,14.0,0.940701058
373,12,3,2,3,4,0.75,22.52,759.0,10080,81,0.0,0,0,56.0,0.849983766
374,12,3,2,3,2,0.7,22.94,1510.0,10620,60,0.0,0,0,57.0,0.800302791
375,12,3,2,3,6,0.8,11.61,955.0,6360,63,0.0,0,0,32.0,0.800191989
376,12,3,2,3,10,0.75,22.52,1328.0,10080,55,0.0,0,0,56.0,0.800020563
377,12,3,2,3,1,0.7,22.94,1384.0,12180,63,0.0,0,0,57.0,0.750162367
378,12,3,2,3,3,0.7,22.52,1244.0,10260,63,0.0,0,0,57.0,0.750068049
379,12,3,1,3,5,0.7,4.15,1504.0,9000,31,0.0,0,0,15.0,0.742901235
380,12,3,2,3,5,0.7,20.4,1480.0,10440,40,0.0,0,0,58.0,0.700250784
381,12,3,2,3,11,0.7,14.89,1863.0,10260,50,0.0,0,0,57.0,0.700170388
382,12,3,1,3,4,0.75,4.3,1502.0,9000,31,0.0,0,0,15.0,0.670216049
383,12,3,1,3,1,0.7,3.94,1506.0,15000,31,0.0,0,0,25.0,0.649662222
384,12,3,1,3,2,0.7,3.94,1506.0,15000,31,0.0,0,0,25.0,0.649662222
385,12,3,1,3,6,0.8,2.9,1520.0,4800,31,0.0,0,0,8.0,0.626822917
386,12,3,2,3,12,0.6,15.26,1492.0,6960,23,0.0,0,0,34.0,0.600436426
387,12,3,2,3,7,0.6,22.52,1859.0,10260,23,0.0,0,0,57.0,0.60041361
388,12,3,2,3,8,0.8,40.99,980.0,10770,30,0.0,0,0,56.5,0.555500132
389,12,3,2,3,9,0.5,29.12,970.0,10440,30,0.0,0,0,58.0,0.500547544
390,12,3,1,3,3,0.7,3.94,1506.0,12000,31,0.0,0,0,20.0,0.460578704
391,12,3,1,3,8,0.8,2.9,1520.0,4800,31,0.0,0,0,8.0,0.397743056
392,12,3,1,3,12,0.6,4.08,1505.0,5400,31,0.0,0,0,9.0,0.327407407
393,13,3,1,1,5,0.7,4.15,1504.0,2700,31,0.0,0,0,15.0,0.966666667
394,13,3,1,1,10,0.75,3.94,1506.0,1800,31,0.0,0,0,10.0,0.937242424
395,13,3,1,1,8,0.8,2.9,1520.0,1620,31,0.0,0,0,9.0,0.910521886
396,13,3,2,1,2,0.75,22.94,1606.0,10260,94,0.0,0,0,57.0,0.90064806
397,13,3,2,1,4,0.75,22.52,727.0,10260,94,0.0,0,0,57.0,0.900321106
398,13,3,1,1,11,0.75,4.15,1504.0,1800,31,0.0,0,0,10.0,0.896022727
399,13,3,1,1,3,0.75,3.94,1506.0,1440,31,0.0,0,0,8.0,0.895454545
400,13,3,1,1,7,0.65,3.94,1506.0,2160,31,0.0,0,0,12.0,0.870580808
401,13,3,1,1,12,0.7,4.08,1505.0,1620,31,0.0,0,0,9.0,0.858585859
402,13,3,2,1,1,0.7,22.94,1472.0,10260,75,0.0,0,0,57.0,0.800643806
403,13,3,2,1,10,0.75,22.52,1332.0,10080,69,0.0,0,0,56.0,0.80062987
404,13,3,2,1,6,0.8,11.61,1009.0,5640,63,0.0,0,0,32.0,0.800537143
405,13,3,2,1,3,0.75,22.52,1266.0,10260,69,0.0,0,0,57.0,0.80035194
406,13,3,2,1,12,0.75,15.26,1316.0,6120,40,0.0,0,0,34.0,0.750079323
407,13,3,2,1,11,0.75,42.97,1282.0,10260,56,0.0,0,0,57.0,0.750041201
408,13,3,2,1,5,0.7,20.4,1382.0,10440,50,0.0,0,0,58.0,0.700250784
409,13,3,1,1,4,0.75,4.3,1502.0,2160,31,0.0,0,0,12.0,0.651515152
410,13,3,2,1,7,0.65,22.52,1295.0,10170,26,0.0,0,0,56.5,0.650416734
411,13,3,2,1,9,0.6,29.12,925.0,6660,23,0.0,0,0,58.0,0.600125217
412,13,3,1,1,2,0.75,3.94,1506.0,1440,31,0.0,0,0,8.0,0.578314394
413,13,3,1,1,1,0.7,3.94,1506.0,1440,32,0.0,0,0,8.0,0.578314394
414,13,3,2,1,8,0.35,15.09,1448.0,9360,23,0.0,0,0,52.0,0.34998951
415,13,3,1,1,9,0.6,3.94,1506.0,1440,32,0.0,0,0,8.0,0.261174242
416,14,3,1,2,5,0.7,4.15,1504.0,3060,32,0.0,0,0,17.0,0.973796791
417,14,3,1,2,2,0.75,3.94,1506.0,1440,32,0.0,0,0,8.0,0.970075758
418,14,3,1,2,1,0.7,3.94,1506.0,1440,32,0.0,0,0,8.0,0.970075758
419,14,3,1,2,3,0.75,3.94,1506.0,1620,32,0.0,0,0,9.0,0.961784512
420,14,3,1,2,10,0.75,3.94,1506.0,3420,32,0.0,0,0,19.0,0.955151515
421,14,3,1,2,4,0.75,4.3,1502.0,2160,32,0.0,0,0,12.0,0.952020202
422,14,3,2,2,4,0.75,22.52,867.0,10260,94,0.0,0,0,57.0,0.900321106
423,14,3,2,2,2,0.75,22.94,1636.0,10530,81,0.0,0,0,58.5,0.850223776
424,14,3,2,2,1,0.7,22.94,1682.0,10530,75,0.0,0,0,58.5,0.800909609
425,14,3,2,2,3,0.75,22.52,1495.0,10350,55,0.0,0,0,57.5,0.800513307
426,14,3,2,2,6,0.8,11.61,1181.0,5760,63,0.0,0,0,32.0,0.800386364
427,14,3,2,2,10,0.75,22.52,1413.0,10080,69,0.0,0,0,56.0,0.800020563
428,14,3,1,2,7,0.65,3.94,1506.0,2520,32,0.0,0,0,14.0,0.749188312
429,14,3,2,2,7,0.7,22.52,360.0,10170,40,0.0,0,0,56.5,0.7005417
430,14,3,2,2,12,0.7,15.26,1296.0,6120,40,0.0,0,0,34.0,0.70043672
431,14,3,2,2,5,0.7,20.4,1217.0,10440,50,0.0,0,0,58.0,0.700250784
432,14,3,2,2,9,0.65,29.12,1086.0,10440,26,0.0,0,0,58.0,0.650407524
433,14,3,1,2,12,0.7,4.08,1505.0,1620,32,0.0,0,0,9.0,0.618181818
434,14,3,2,2,11,0.75,42.97,532.0,10260,40,0.0,0,0,57.0,0.59114168
435,14,3,2,2,8,0.5,15.09,1557.0,720,23,0.0,0,0,52.0,0.500061916
436,14,3,1,2,8,0.8,2.9,1520.0,720,32,0.0,0,0,4.0,0.329545455
437,15,3,1,0,3,0.75,3.94,1506.0,1800,32,0.0,0,0,10.0,1.059621212
438,15,3,1,0,10,0.75,3.94,1506.0,3780,32,0.0,0,0,21.0,0.997792208
439,15,3,1,0,4,0.75,4.3,1502.0,2160,32,0.0,0,0,12.0,0.963699495
440,15,3,1,0,5,0.7,4.15,1504.0,2700,32,0.0,0,0,15.0,0.959191919
441,15,3,1,0,2,0.75,3.94,1506.0,1800,32,0.0,0,0,10.0,0.910378788
442,15,3,1,0,1,0.7,3.94,1506.0,1800,32,0.0,0,0,10.0,0.910378788
443,15,3,2,0,4,0.8,22.52,1016.0,10170,60,0.0,0,0,56.5,0.850312684
444,15,3,2,0,6,0.8,11.61,1072.0,5760,50,0.0,0,0,32.0,0.800386364
445,15,3,2,0,3,0.75,22.52,1584.0,10260,69,0.0,0,0,57.0,0.80035194
446,15,3,2,0,2,0.75,22.94,1764.0,10260,55,0.0,0,0,57.0,0.800034024
447,15,3,2,0,1,0.7,22.94,1745.0,10440,60,0.0,0,0,58.0,0.800023511
448,15,3,2,0,10,0.75,22.52,1250.0,10080,55,0.0,0,0,56.0,0.800020563
449,15,3,1,0,12,0.7,4.08,1505.0,1620,32,0.0,0,0,9.0,0.769292929
450,15,3,2,0,5,0.75,20.4,1118.0,10320,56,0.0,0,0,58.0,0.750031447
451,15,3,2,0,9,0.7,29.12,1143.0,10440,40,0.0,0,0,58.0,0.70061442
452,15,3,2,0,12,0.7,15.26,1337.0,6120,40,0.0,0,0,34.0,0.70043672
453,15,3,1,0,7,0.65,3.94,1506.0,1440,32,0.0,0,0,8.0,0.646306818
454,15,3,2,0,8,0.6,15.09,1519.0,360,23,0.0,0,0,52.0,0.600143365
455,15,3,2,0,11,0.35,28.08,749.0,10260,23,0.0,0,0,57.0,0.350066986
456,16,3,2,4,2,0.75,22.52,1635.0,6840,119,0.0,0,0,57.0,1.000230409
457,16,3,2,4,3,0.75,22.52,1299.0,6840,119,0.0,0,0,57.0,1.000230409
458,16,3,1,4,10,0.8,3.94,1506.0,1440,32,0.0,0,0,12.0,0.979527778
459,16,3,1,4,4,0.8,4.3,1502.0,1440,32,0.0,0,0,12.0,0.940625
460,16,3,1,4,5,0.5,4.15,1504.0,1440,32,0.0,0,0,12.0,0.926388889
461,16,3,2,4,10,0.8,22.52,1134.0,6720,70,0.0,0,0,56.0,0.900129762
462,16,3,1,4,3,0.75,3.94,1506.0,1440,32,0.0,0,0,12.0,0.861875
463,16,3,2,4,4,0.8,22.52,1106.0,6780,60,0.0,0,0,56.5,0.850312684
464,16,3,1,4,8,0.65,3.94,1506.0,960,32,0.0,0,0,8.0,0.845458333
465,16,3,1,4,12,0.7,4.15,1504.0,1080,32,0.0,0,0,9.0,0.823555556
466,16,3,1,4,7,0.5,4.15,1504.0,960,32,0.0,0,0,8.0,0.803541667
467,16,3,2,4,1,0.75,22.94,1871.0,6960,55,0.0,0,0,58.0,0.800263218
468,16,3,1,4,2,0.75,3.94,1506.0,1200,32,0.0,0,0,10.0,0.788
469,16,3,1,4,1,0.75,3.94,1506.0,1200,32,0.0,0,0,10.0,0.77815
470,16,3,2,4,9,0.7,29.12,1294.0,6960,50,0.0,0,0,58.0,0.700386207
471,16,3,2,4,12,0.7,15.26,1462.0,4080,40,0.0,0,0,34.0,0.700164706
472,16,3,2,4,8,0.65,15.09,976.0,240,23,0.0,0,0,52.0,0.650307143
473,16,3,2,4,6,0.8,30.4,338.0,3840,34,0.0,0,0,32.0,0.622828125
474,16,3,1,4,6,0.8,2.9,1520.0,960,32,0.0,0,0,8.0,0.6225
475,16,3,2,4,5,0.5,20.79,1455.0,6960,30,0.0,0,0,58.0,0.500035345
476,16,3,2,4,11,0.5,48.18,1282.0,6480,23,0.0,0,0,54.0,0.37046657
477,17,3,2,5,2,0.8,22.52,1559.0,6840,90,0.0,0,0,57.0,1.000230409
478,17,3,2,5,3,0.8,22.52,1350.0,6840,113,0.0,0,0,57.0,1.000230409
479,17,3,1,5,6,0.35,2.9,1520.0,1800,32,0.0,0,0,15.0,0.977555556
480,17,3,1,5,1,0.75,3.94,1506.0,1200,33,0.0,0,0,10.0,0.9456
481,17,3,1,5,2,0.8,3.94,1506.0,1800,33,0.0,0,0,15.0,0.902222222
482,17,3,2,5,10,0.8,22.52,1175.0,6720,60,0.0,0,0,56.0,0.850532143
483,17,3,2,5,1,0.75,22.94,1868.0,6960,81,0.0,0,0,58.0,0.850362069
484,17,3,1,5,10,0.8,3.94,1506.0,1200,33,0.0,0,0,10.0,0.840533333
485,17,3,2,5,5,0.6,20.79,1045.0,6960,88,0.0,0,0,58.0,0.800534483
486,17,3,2,5,4,0.8,22.52,1342.0,6780,50,0.0,0,0,56.5,0.800489676
487,17,3,1,5,12,0.75,4.08,1505.0,1080,33,0.0,0,0,9.0,0.755555556
488,17,3,2,5,9,0.7,29.12,1340.0,6960,63,0.0,0,0,58.0,0.750593103
489,17,3,2,5,12,0.75,15.26,1429.0,3600,45,0.0,0,0,35.0,0.750283333
490,17,3,1,5,4,0.8,4.3,1502.0,1440,33,0.0,0,0,12.0,0.722638889
491,17,3,1,5,8,0.65,4.15,1504.0,960,33,0.0,0,0,8.0,0.553333333
492,17,3,2,5,11,0.5,20.1,1413.0,5880,46,0.0,0,0,54.0,0.500567308
493,17,3,2,5,8,0.7,38.09,336.0,6240,0,0.0,0,0,52.0,0.467693269
494,17,3,2,5,6,0.35,18.79,511.0,1800,23,0.0,0,0,32.0,0.437995338
495,17,3,1,5,7,0.6,3.94,1506.0,960,33,0.0,0,0,8.0,0.406354167
496,17,3,2,5,7,0.6,23.54,958.0,6600,0,0.0,0,0,55.0,0.285333333
497,17,3,1,5,11,0.5,2.9,1520.0,960,33,0.0,0,0,8.0,0.259375
498,18,4,2,3,2,0.8,22.52,1416.0,6840,113,0.0,0,0,57.0,1.000230409
499,18,4,1,3,4,0.8,4.3,1502.0,1200,33,0.0,0,0,10.0,0.989
500,18,4,2,3,3,0.8,22.52,1287.0,6840,100,0.0,0,0,57.0,0.950185965
501,18,4,2,3,4,0.8,22.52,1444.0,6900,88,0.0,0,0,57.5,0.9008
502,18,4,2,3,10,0.8,22.52,1088.0,6720,88,0.0,0,0,56.0,0.900129762
503,18,4,1,3,6,0.5,2.9,1520.0,1200,33,0.0,0,0,10.0,0.899
504,18,4,1,3,8,0.65,4.15,1504.0,960,33,0.0,0,0,8.0,0.877552083
505,18,4,1,3,11,0.6,2.9,1520.0,960,33,0.0,0,0,8.0,0.864583333
506,18,4,1,3,10,0.8,3.94,1506.0,1200,33,0.0,0,0,10.0,0.85695
507,18,4,1,3,1,0.75,3.94,1506.0,1200,33,0.0,0,0,10.0,0.853666667
508,18,4,2,3,1,0.75,22.94,1579.0,6960,81,0.0,0,0,58.0,0.850362069
509,18,4,2,3,9,0.7,29.12,1170.0,6960,53,0.0,0,0,58.0,0.850170115
510,18,4,2,3,5,0.65,20.79,1015.0,7080,81,0.0,0,0,59.0,0.800473729
511,18,4,1,3,2,0.8,3.94,1506.0,1200,33,0.0,0,0,10.0,0.773333333
512,18,4,2,3,12,0.75,15.26,1436.0,4200,45,0.0,0,0,35.0,0.750646667
513,18,4,1,3,12,0.75,4.08,1505.0,1080,33,0.0,0,0,9.0,0.634666667
514,18,4,2,3,11,0.6,20.1,1601.0,4320,46,0.0,0,0,51.0,0.60059761
515,18,4,2,3,6,0.5,18.79,717.0,3960,23,0.0,0,0,33.0,0.500117677
516,18,4,1,3,3,0.8,3.94,1506.0,960,33,0.0,0,0,8.0,0.4925
517,18,4,2,3,7,0.65,23.54,830.0,6600,0,0.0,0,0,55.0,0.48792
518,20,4,2,1,3,0.8,22.52,1136.0,6960,113,0.0,0,0,58.0,1.000457471
519,20,4,2,1,2,0.8,22.52,1397.0,6840,113,0.0,0,0,57.0,1.000230409
520,20,4,1,1,2,0.8,3.94,1506.0,1200,33,0.0,0,0,10.0,0.971866667
521,20,4,1,1,3,0.8,3.94,1506.0,960,33,0.0,0,0,8.0,0.971866667
522,20,4,1,1,4,0.8,3.94,1506.0,1200,33,0.0,0,0,10.0,0.971866667
523,20,4,1,1,10,0.8,3.94,1506.0,1200,33,0.0,0,0,10.0,0.971866667
524,20,4,1,1,1,0.75,3.94,1506.0,1800,33,0.0,0,0,15.0,0.971866667
525,20,4,1,1,9,0.75,3.94,1506.0,240,33,0.0,0,0,2.0,0.971866667
526,20,4,1,1,12,0.75,4.08,1505.0,1080,33,0.0,0,0,9.0,0.971866667
527,20,4,1,1,5,0.7,3.94,1506.0,240,33,0.0,0,0,2.0,0.971866667
528,20,4,1,1,7,0.7,3.94,1506.0,1200,33,0.0,0,0,10.0,0.971866667
529,20,4,1,1,8,0.65,3.94,1506.0,960,33,0.0,0,0,8.0,0.971866667
530,20,4,1,1,11,0.65,3.94,1506.0,600,33,0.0,0,0,5.0,0.971866667
531,20,4,1,1,6,0.6,3.94,1506.0,1200,33,0.0,0,0,10.0,0.971866667
532,20,4,2,1,10,0.8,22.52,1116.0,6720,93,0.0,0,0,56.0,0.920236905
533,20,4,2,1,4,0.8,22.52,1432.0,6660,88,0.0,0,0,57.5,0.900537069
534,20,4,2,1,9,0.75,29.12,1082.0,6840,81,0.0,0,0,57.0,0.850610526
535,20,4,2,1,1,0.75,22.94,1502.0,6960,81,0.0,0,0,58.0,0.850362069
536,20,4,2,1,12,0.75,15.26,1209.0,4200,45,0.0,0,0,35.0,0.750646667
537,20,4,2,1,5,0.7,50.89,282.0,5880,56,0.0,0,0,59.0,0.656763743
538,20,4,2,1,11,0.65,20.1,1417.0,6480,49,0.0,0,0,54.0,0.650148148
539,20,4,2,1,6,0.6,18.79,799.0,3960,23,0.0,0,0,33.0,0.600710606
540,20,4,2,1,7,0.7,23.54,1109.0,6720,0,0.0,0,0,56.0,0.388830357
541,20,4,2,1,8,0.5,23.54,1144.0,6480,0,0.0,0,0,54.0,0.286984568
542,26,0,1,2,8,0.65,4.15,1504.0,960,34,0.0,0,0,8.0,1.0115625
543,26,0,2,2,2,0.8,22.52,1396.0,6900,113,0.0,0,0,57.5,1.000671304
544,26,0,2,2,1,0.8,22.94,1582.0,3060,113,0.0,0,0,58.5,1.000402055
545,26,0,1,2,1,0.75,3.94,1506.0,2280,34,0.0,0,0,19.0,0.950438596
546,26,0,2,2,3,0.8,22.52,1124.0,6840,100,0.0,0,0,57.0,0.950185965
547,26,0,1,2,2,0.8,3.94,1506.0,1200,34,0.0,0,0,10.0,0.912766667
548,26,0,1,2,7,0.7,3.94,1506.0,2160,34,0.0,0,0,18.0,0.892194444
549,26,0,1,2,10,0.8,3.94,1506.0,1200,34,0.0,0,0,10.0,0.8865
550,26,0,2,2,10,0.8,22.52,1282.0,6720,75,0.0,0,0,56.0,0.850532143
551,26,0,2,2,4,0.8,22.52,1472.0,7020,60,0.0,0,0,58.5,0.85011396
552,26,0,1,2,4,0.8,4.3,1502.0,1440,34,0.0,0,0,12.0,0.845069444
553,26,0,2,2,9,0.75,29.12,1282.0,6960,45,0.0,0,0,58.0,0.750593103
554,26,0,2,2,12,0.75,15.26,1276.0,1440,45,0.0,0,0,35.0,0.750450658
555,26,0,1,2,12,0.75,4.08,1505.0,1080,34,0.0,0,0,9.0,0.702666667
556,26,0,2,2,11,0.7,20.1,1192.0,6120,75,0.0,0,0,54.0,0.700508929
557,26,0,2,2,6,0.65,18.79,881.0,3960,26,0.0,0,0,33.0,0.651007071
558,26,0,2,2,8,0.6,24.26,1196.0,6600,0,0.0,0,0,55.0,0.466821212
559,26,0,2,2,7,0.7,24.26,1400.0,6720,0,0.0,0,0,56.0,0.411553571
560,26,0,1,2,6,0.6,2.9,1520.0,1200,34,0.0,0,0,10.0,0.314166667
561,36,0,2,0,1,0.8,22.94,16882.0,7020,113,0.0,0,0,58.5,1.000602279
562,36,0,1,0,9,0.75,3.94,1506.0,960,34,0.0,0,0,8.0,0.994270833
563,36,0,2,0,2,0.8,22.52,21385.0,7020,88,0.0,0,0,58.5,0.900158405
564,36,0,2,0,3,0.8,22.52,21266.0,6840,70,0.0,0,0,57.0,0.90014152
565,36,0,2,0,10,0.8,22.52,21540.0,6720,88,0.0,0,0,56.0,0.900129762
566,36,0,1,0,10,0.8,3.94,1506.0,1200,34,0.0,0,0,10.0,0.85695
567,36,0,1,0,4,0.8,4.3,1502.0,1440,34,0.0,0,0,12.0,0.809236111
568,36,0,2,0,12,0.8,15.26,12261.0,3600,63,0.0,0,0,35.0,0.800401961
569,36,0,2,0,4,0.8,22.52,23122.0,5940,50,0.0,0,0,56.5,0.800393224
570,36,0,2,0,9,0.75,29.12,8992.0,6960,55,0.0,0,0,58.0,0.799963218
571,36,0,1,0,12,0.75,4.08,1505.0,1080,34,0.0,0,0,9.0,0.740444444
572,36,0,2,0,11,0.7,20.55,9792.0,6480,60,0.0,0,0,54.0,0.700398148
573,36,0,2,0,6,0.7,18.79,2984.0,3960,30,0.0,0,0,33.0,0.700354545
574,36,0,1,0,8,0.65,4.15,1504.0,960,34,0.0,0,0,8.0,0.561979167
575,36,0,1,0,1,0.75,3.94,1506.0,2280,34,0.0,0,0,19.0,0.504596491
576,36,0,2,0,5,0.5,30.1,839.0,6960,0,0.0,0,0,58.0,0.500801724
577,36,0,2,0,7,0.7,24.26,2698.0,6720,0,0.0,0,0,56.0,0.295307738
578,36,0,1,0,6,0.6,2.9,1520.0,1200,34,0.0,0,0,10.0,0.280333333
579,36,0,2,0,8,0.65,24.26,1435.0,6600,0,0.0,0,0,55.0,0.260978788
580,42,0,1,4,2,0.8,3.94,1506.0,2400,34,0.0,0,0,20.0,1.001416667
581,42,0,2,4,1,0.8,22.52,1500.0,6900,113,0.0,0,0,57.5,1.000018551
582,42,0,2,4,10,0.8,22.52,1188.0,6720,90,0.0,0,0,56.0,0.999995238
583,42,0,1,4,1,0.8,3.94,1506.0,1200,34,0.0,0,0,10.0,0.99485
584,42,0,1,4,8,0.7,4.15,1504.0,960,34,0.0,0,0,8.0,0.976979167
585,42,0,2,4,3,0.8,22.52,1112.0,6840,100,0.0,0,0,57.0,0.950185965
586,42,0,2,4,2,0.8,22.52,1452.0,6960,100,0.0,0,0,58.0,0.949981609
587,42,0,1,4,9,0.75,3.94,1506.0,1320,34,0.0,0,0,11.0,0.919954545
588,42,0,2,4,4,0.8,22.52,340.0,5460,63,0.0,0,0,56.5,0.800434622
589,42,0,2,4,12,0.8,15.26,1029.0,2040,50,0.0,0,0,35.0,0.800259023
590,42,0,1,4,12,0.8,4.08,1505.0,1080,34,0.0,0,0,9.0,0.778222222
591,42,0,2,4,9,0.75,29.12,1070.0,6960,34,0.0,0,0,58.0,0.750593103
592,42,0,2,4,11,0.7,25.31,946.0,5760,60,0.0,0,0,54.0,0.700513566
593,42,0,2,4,6,0.7,18.79,913.0,4020,30,0.0,0,0,33.5,0.700184577
594,42,0,2,4,8,0.7,24.26,1363.0,6660,0,0.0,0,0,55.5,0.586465465
595,42,0,2,4,7,0.7,24.26,1639.0,6720,0,0.0,0,0,56.0,0.541517857
596,42,0,1,4,4,0.8,4.3,1502.0,1440,34,0.0,0,0,12.0,0.5375
597,42,0,1,4,6,0.7,2.9,1520.0,960,34,0.0,0,0,8.0,0.495416667
598,42,0,2,4,5,0.6,30.1,415.0,6960,0,0.0,0,0,58.0,0.415172414
599,43,0,2,5,2,0.8,22.52,1263.0,6900,100,0.0,0,0,57.5,1.05028058
600,43,0,2,5,3,0.8,22.52,968.0,6840,113,0.0,0,0,57.0,1.000230409
601,43,0,2,5,10,0.8,22.52,1108.0,6720,113,0.0,0,0,56.0,0.999995238
602,43,0,0,5,2,0.8,3.94,1506.0,2160,34,0.0,0,0,18.0,0.966759259
603,43,0,0,5,1,0.8,3.94,1506.0,1200,34,0.0,0,0,10.0,0.929183333
604,43,0,0,5,8,0.7,4.15,1504.0,3000,34,0.0,0,0,25.0,0.915766667
605,43,0,2,5,1,0.8,22.52,1532.0,6900,88,0.0,0,0,57.5,0.900147246
606,43,0,2,5,12,0.8,15.26,1094.0,4080,38,0.0,0,0,34.0,0.800401961
607,43,0,2,5,9,0.8,22.52,1086.0,6960,50,0.0,0,0,58.0,0.799963218
608,43,0,0,5,7,0.7,3.94,1506.0,960,34,0.0,0,0,8.0,0.779791667
609,43,0,0,5,9,0.75,3.94,1506.0,960,34,0.0,0,0,8.0,0.755166667
610,43,0,2,5,6,0.7,18.79,941.0,3360,30,0.0,0,0,33.0,0.700710417
611,43,0,2,5,7,0.7,24.26,1471.0,6960,0,0.0,0,0,58.0,0.700612069
612,43,0,2,5,11,0.7,10.05,1042.0,6120,60,0.0,0,0,53.0,0.700278846
613,43,0,2,5,8,0.7,29.12,1248.0,6840,0,0.0,0,0,57.0,0.700135088
614,43,0,1,5,12,0.8,4.08,1505.0,1080,34,0.0,0,0,9.0,0.687555556
615,43,0,2,5,5,0.65,30.1,326.0,5820,0,90.0,10,0,58.5,0.650834808
616,43,0,0,5,6,0.7,2.9,1520.0,960,35,0.0,0,0,8.0,0.531666667
617,43,0,2,5,4,0.35,30.1,287.0,6060,23,150.0,15,0,55.5,0.350706422
618,44,0,2,3,2,0.8,22.52,1300.0,6780,113,0.0,0,0,56.5,1.000446018
619,44,0,2,3,1,0.8,22.52,1485.0,6900,113,0.0,0,0,57.5,1.000018551
620,44,0,2,3,10,0.8,22.52,1039.0,6720,113,0.0,0,0,56.0,0.999995238
621,44,0,0,3,2,0.8,3.94,1506.0,2640,35,0.0,0,0,22.0,0.999924242
622,44,0,2,3,3,0.8,22.52,1063.0,6840,100,0.0,0,0,57.0,0.950185965
623,44,0,0,3,6,0.7,2.9,1520.0,960,35,0.0,0,0,8.0,0.9425
624,44,0,0,3,12,0.8,4.08,1505.0,1080,35,0.0,0,0,9.0,0.906666667
625,44,0,0,3,7,0.7,3.94,1506.0,1200,35,0.0,0,0,10.0,0.8471
626,44,0,0,3,1,0.8,3.94,1506.0,1440,35,0.0,0,0,12.0,0.845458333
627,44,0,2,3,12,0.8,15.26,1083.0,720,38,0.0,0,0,34.0,0.800612676
628,44,0,2,3,9,0.8,29.12,1069.0,6960,50,0.0,0,0,58.0,0.799963218
629,44,0,0,3,10,0.8,3.94,1506.0,960,35,0.0,0,0,8.0,0.771583333
630,44,0,2,3,11,0.75,10.05,668.0,2520,34,0.0,0,0,26.0,0.7504
631,44,0,2,3,6,0.7,18.79,766.0,2760,30,0.0,0,0,33.0,0.700079032
632,44,0,2,3,5,0.7,30.1,557.0,6960,0,0.0,0,0,58.0,0.562212644
633,44,0,2,3,7,0.07,24.26,1608.0,6960,0,0.0,0,0,58.0,0.522844828
634,44,0,2,3,4,0.5,30.1,417.0,6360,23,0.0,0,1,53.0,0.500720126
635,44,0,2,3,8,0.7,24.26,1167.0,6840,0,0.0,0,0,57.0,0.496549708
636,45,0,0,1,2,0.8,3.94,1506.0,3000,35,0.0,0,0,25.0,1.050666667
637,45,0,2,1,2,0.8,22.52,1186.0,6900,113,0.0,0,0,58.0,1.000018551
638,45,0,2,1,3,0.8,22.52,1060.0,6840,100,0.0,0,0,57.0,0.950185965
639,45,0,2,1,1,0.8,22.52,1534.0,6780,88,0.0,0,0,57.0,0.900135693
640,45,0,2,1,10,0.8,22.52,1142.0,6720,88,0.0,0,0,56.0,0.900129762
641,45,0,0,1,12,0.8,4.08,1505.0,1080,35,0.0,0,0,9.0,0.899111111
642,45,0,0,1,1,0.8,3.94,1506.0,1200,35,0.0,0,0,10.0,0.870083333
643,45,0,0,1,6,0.75,2.9,1520.0,960,35,0.0,0,0,8.0,0.845833333
644,45,0,2,1,12,0.8,15.26,1021.0,4080,63,0.0,0,0,34.0,0.800401961
645,45,0,2,1,9,0.8,29.12,829.0,6960,50,0.0,0,0,58.0,0.799963218
646,45,0,0,1,9,0.8,3.94,1506.0,960,35,0.0,0,0,8.0,0.771583333
647,45,0,2,1,6,0.75,18.79,813.0,1560,34,0.0,0,0,33.0,0.750520115
648,45,0,2,1,11,0.75,10.05,677.0,3240,45,0.0,0,0,27.0,0.750027778
649,45,0,0,1,7,0.7,3.94,1506.0,1200,35,0.0,0,0,10.0,0.715766667
650,45,0,2,1,7,0.7,24.26,658.0,6960,0,270.0,45,0,58.0,0.662270115
651,45,0,2,1,4,0.6,30.1,486.0,6780,30,0.0,0,1,57.0,0.600224189
652,45,0,2,1,5,0.7,30.1,687.0,7500,0,0.0,0,0,59.0,0.545657673
653,45,0,0,1,4,0.8,4.3,1502.0,960,35,0.0,0,0,8.0,0.447916667
654,45,0,2,1,8,0.7,24.26,652.0,6840,0,300.0,37,0,57.0,0.365318713
655,46,1,2,2,2,0.8,22.52,1233.0,6900,113,0.0,0,0,57.5,1.000018551
656,46,1,0,2,7,0.7,4.15,1504.0,1440,35,0.0,0,0,12.0,0.928680556
657,46,1,2,2,10,0.8,22.52,1388.0,6720,88,0.0,0,0,56.0,0.9008
658,46,1,2,2,1,0.8,22.52,1615.0,6780,88,0.0,0,0,56.5,0.900135693
659,46,1,2,2,3,0.8,22.52,1283.0,6720,88,0.0,0,0,56.0,0.900129762
660,46,1,0,2,1,0.8,3.94,1506.0,1200,35,0.0,0,0,10.0,0.893066667
661,46,1,0,2,12,0.8,4.08,1505.0,1080,35,0.0,0,0,9.0,0.891555556
662,46,1,0,2,2,0.8,3.94,1506.0,2160,35,0.0,0,0,18.0,0.875555556
663,46,1,0,2,8,0.7,4.15,1504.0,1800,35,0.0,0,0,15.0,0.840888889
664,46,1,2,2,12,0.8,15.26,1026.0,2880,63,0.0,0,0,34.0,0.800355208
665,46,1,2,2,9,0.8,29.12,909.0,6960,50,0.0,0,0,58.0,0.799963218
666,46,1,2,2,6,0.75,18.79,670.0,3960,34,0.0,0,0,33.0,0.75065101
667,46,1,2,2,11,0.75,10.05,629.0,3240,45,0.0,0,0,27.0,0.750027778
668,46,1,2,2,5,0.7,30.1,754.0,7020,0,0.0,0,0,58.5,0.700618234
669,46,1,0,2,6,0.75,2.9,1520.0,960,35,0.0,0,0,8.0,0.610208333
670,46,1,0,2,9,0.8,3.94,1506.0,960,35,0.0,0,0,8.0,0.607416667
671,46,1,2,2,4,0.65,30.1,712.0,6780,44,0.0,0,1,56.5,0.568259587
672,46,1,2,2,7,0.7,24.26,148.0,6960,0,0.0,0,0,58.0,0.355534483
673,46,1,2,2,8,0.7,24.26,154.0,6840,0,0.0,0,0,57.0,0.353259649
674,47,1,0,0,2,0.8,3.94,1506.0,2160,35,0.0,0,0,18.0,1.057962963
675,47,1,0,0,1,0.8,3.94,1506.0,1200,35,0.0,0,0,10.0,0.962016667
676,47,1,2,0,10,0.8,22.52,1127.0,120,88,0.0,0,0,56.0,0.9008
677,47,1,2,0,1,0.8,22.52,1506.0,3600,70,0.0,0,0,57.0,0.900509044
678,47,1,2,0,2,0.8,22.52,1413.0,360,70,0.0,0,0,57.0,0.900477825
679,47,1,0,0,6,0.75,2.9,1520.0,960,35,0.0,0,0,8.0,0.888125
680,47,1,2,0,12,0.8,15.26,970.0,4080,63,0.0,0,0,34.0,0.800401961
681,47,1,2,0,3,0.8,22.52,1271.0,5400,50,0.0,0,0,57.0,0.800161172
682,47,1,2,0,9,0.8,29.12,1073.0,6960,50,0.0,0,0,58.0,0.799963218
683,47,1,2,0,4,0.7,30.1,767.0,3300,50,0.0,0,1,57.0,0.790003236
684,47,1,2,0,11,0.75,10.05,103.0,0,45,0.0,0,0,54.0,0.750648148
685,47,1,0,0,8,0.35,4.15,1504.0,1800,35,0.0,0,0,15.0,0.707111111
686,47,1,2,0,5,0.7,30.1,773.0,7020,40,0.0,0,0,58.0,0.700618234
687,47,1,0,0,9,0.8,3.94,1506.0,960,35,0.0,0,0,8.0,0.697708333
688,47,1,2,0,6,0.75,18.79,708.0,4080,0,0.0,0,0,34.0,0.612517157
689,47,1,2,0,7,0.35,30.1,842.0,6960,0,0.0,0,1,58.0,0.350301724
690,47,1,2,0,8,0.35,30.1,901.0,6960,0,0.0,0,1,58.0,0.350301724
691,47,1,0,0,12,0.8,4.08,1505.0,1080,35,0.0,0,0,9.0,0.272
692,27,1,0,4,12,0.8,4.08,1505.0,1080,36,0.0,0,0,9.0,1.004888889
693,27,1,0,4,2,0.8,3.94,1506.0,2160,36,0.0,0,0,18.0,0.966759259
694,27,1,2,4,10,0.8,22.52,1268.0,0,88,0.0,0,0,56.0,0.90063244
695,27,1,2,4,1,0.8,22.52,1546.0,0,88,0.0,0,0,57.0,0.90047076
696,27,1,2,4,3,0.8,22.52,813.0,0,88,0.0,0,0,57.0,0.90047076
697,27,1,2,4,2,0.8,22.52,1512.0,0,88,0.0,0,0,57.0,0.899984058
698,27,1,0,4,1,0.8,3.94,1506.0,1440,36,0.0,0,0,12.0,0.853666667
699,27,1,2,4,9,0.8,29.12,1263.0,2160,38,0.0,0,0,58.0,0.8008
700,27,1,2,4,12,0.8,15.26,900.0,4080,50,0.0,0,0,34.0,0.800401961
701,27,1,0,4,4,0.7,4.15,1504.0,1800,36,0.0,0,0,15.0,0.796755556
702,27,1,2,4,6,0.75,18.79,640.0,2400,0,0.0,0,0,34.0,0.750797009
703,27,1,2,4,11,0.8,10.05,13.0,3240,34,0.0,0,0,54.0,0.750648148
704,27,1,2,4,5,0.75,30.1,855.0,7020,45,0.0,0,0,58.0,0.750356125
705,27,1,0,4,8,0.35,4.15,1504.0,960,36,0.0,0,0,8.0,0.703770833
706,27,1,2,4,4,0.7,30.1,855.0,7020,40,0.0,0,1,58.0,0.700618234
707,27,1,0,4,9,0.8,3.94,1506.0,960,36,0.0,0,0,8.0,0.6895
708,27,1,0,4,6,0.75,2.9,1520.0,960,36,0.0,0,0,8.0,0.628333333
709,27,1,2,4,7,0.5,30.1,1025.0,6960,23,0.0,0,1,58.0,0.500801724
710,27,1,2,4,8,0.5,30.1,1061.0,6960,30,0.0,0,1,58.0,0.393548851
711,28,1,0,5,4,0.7,4.15,1504.0,1800,36,0.0,0,0,15.0,1.033155556
712,28,1,0,5,12,0.8,4.08,1505.0,1080,36,0.0,0,0,9.0,1.02
713,28,1,2,5,2,0.8,22.52,1557.0,0,90,0.0,0,0,57.5,1.000344928
714,28,1,2,5,1,0.8,22.52,1498.0,0,113,0.0,0,0,57.0,1.000065789
715,28,1,0,5,8,0.35,4.15,1504.0,1440,36,0.0,0,0,12.0,0.994375
716,28,1,0,5,2,0.8,3.94,1506.0,2160,36,0.0,0,0,18.0,0.912037037
717,28,1,0,5,5,0.7,4.15,1504.0,240,36,0.0,0,0,2.0,0.87
718,28,1,2,5,10,0.8,22.52,598.0,0,75,0.0,0,0,56.0,0.850364583
719,28,1,2,5,6,0.8,18.79,656.0,3480,38,0.0,0,0,34.0,0.800947475
720,28,1,2,5,12,0.8,15.26,854.0,4080,50,0.0,0,0,34.0,0.800401961
721,28,1,2,5,9,0.8,29.12,609.0,3240,50,0.0,0,0,58.0,0.800144144
722,28,1,2,5,5,0.75,30.1,788.0,7380,56,0.0,0,0,59.5,0.750406233
723,28,1,2,5,8,0.6,30.1,1069.0,4560,30,0.0,0,1,58.0,0.714410494
724,28,1,2,5,4,0.7,30.1,667.0,5940,40,0.0,0,1,59.5,0.700588406
725,28,1,0,5,1,0.8,3.94,1506.0,1440,36,0.0,0,0,12.0,0.618361111
726,28,1,2,5,7,0.6,30.1,829.0,3360,23,0.0,0,1,58.0,0.600070513
727,28,1,0,5,9,0.8,3.94,1506.0,960,36,0.0,0,0,8.0,0.54175
728,28,1,2,5,3,0.8,22.52,11.0,6840,0,0.0,0,1,57.0,0.536901754
729,28,1,2,5,11,0.35,11.41,434.0,3240,0,0.0,0,1,52.0,0.507903226
730,29,1,2,3,1,0.8,22.52,1397.0,0,138,0.0,0,0,57.0,1.100483918
731,29,1,0,3,4,0.7,4.15,1504.0,1800,36,0.0,0,0,15.0,1.096633333
732,29,1,2,3,2,0.8,22.52,1327.0,0,113,0.0,0,0,57.5,1.000344928
733,29,1,0,3,12,0.8,4.08,1505.0,1080,36,0.0,0,0,9.0,0.838666667
734,29,1,2,3,12,0.8,15.26,894.0,4080,50,0.0,0,0,34.0,0.800401961
735,29,1,0,3,8,0.35,4.15,1504.0,1440,36,0.0,0,0,12.0,0.755486111
736,29,1,2,3,5,0.75,30.1,610.0,7080,56,0.0,0,0,59.0,0.750799435
737,29,1,2,3,6,0.8,18.79,779.0,3960,0,0.0,0,0,33.0,0.688017677
738,29,1,0,3,1,0.8,3.94,1506.0,1440,36,0.0,0,0,12.0,0.664875
739,29,1,0,3,9,0.8,3.94,1506.0,960,36,0.0,0,0,8.0,0.656666667
740,29,1,2,3,4,0.7,30.1,419.0,7080,0,0.0,0,1,59.0,0.637711864
741,29,1,0,3,2,0.8,3.94,1506.0,2160,36,0.0,0,0,18.0,0.601944444
742,29,1,0,3,5,0.7,4.15,1504.0,240,36,0.0,0,0,2.0,0.58
743,29,1,2,3,7,0.65,30.1,909.0,7080,0,0.0,0,1,59.0,0.535677966
744,29,1,2,3,11,0.5,11.41,1039.0,2280,0,0.0,0,2,55.0,0.50012336
745,29,1,2,3,9,0.8,29.12,14.0,6960,0,0.0,0,0,58.0,0.497885057
746,29,1,2,3,8,0.65,30.1,1193.0,7080,0,0.0,0,1,59.0,0.463403955
747,29,1,2,3,10,0.8,22.52,10.0,6000,0,0.0,0,0,50.0,0.441392
748,29,1,2,3,3,0.35,30.1,770.0,6960,0,0.0,0,1,58.0,0.350301724
749,30,1,2,1,1,0.8,22.52,1416.0,6840,113,0.0,0,0,57.0,1.000230409
750,30,1,0,1,7,0.7,4.15,1504.0,1800,36,0.0,0,0,15.0,0.929277778
751,30,1,0,1,4,0.75,4.15,1504.0,2400,36,0.0,0,0,20.0,0.902916667
752,30,1,0,1,12,0.8,4.08,1505.0,1080,36,0.0,0,0,9.0,0.800888889
753,30,1,2,1,12,0.8,15.26,942.0,4080,63,0.0,0,0,34.0,0.800401961
754,30,1,2,1,2,0.8,22.52,674.0,3660,63,0.0,0,0,57.0,0.80037492
755,30,1,0,1,1,0.8,3.94,1506.0,1440,36,0.0,0,0,12.0,0.796208333
756,30,1,2,1,4,0.75,30.1,481.0,7140,0,0.0,0,1,59.0,0.750392157
757,30,1,2,1,5,0.75,30.1,664.0,7140,56,0.0,0,0,59.0,0.750392157
758,30,1,0,1,8,0.7,4.15,1504.0,960,36,0.0,0,0,8.0,0.725625
759,30,1,2,1,8,0.7,30.1,824.0,5160,0,0.0,0,1,60.0,0.700206125
760,30,1,2,1,7,0.7,30.1,957.0,7200,0,0.0,0,1,60.0,0.602
761,30,1,2,1,11,0.6,11.41,1039.0,2280,23,0.0,0,2,55.0,0.600447507
762,30,1,2,1,6,0.8,18.79,822.0,4080,0,0.0,0,0,34.0,0.557252451
763,30,1,2,1,3,0.5,30.1,1261.0,6960,30,0.0,0,1,58.0,0.500801724
764,30,1,0,1,6,0.8,2.9,1520.0,960,36,0.0,0,0,8.0,0.483333333
765,30,1,0,1,9,0.8,3.94,1506.0,960,37,0.0,0,0,8.0,0.238041667
766,31,2,0,2,1,0.8,3.94,1506.0,960,37,0.0,0,0,8.0,1.1204375
767,31,2,0,2,2,0.8,3.94,1506.0,960,37,0.0,0,0,8.0,1.108125
768,31,2,2,2,1,0.8,22.52,1420.0,6840,113,0.0,0,0,57.0,1.000230409
769,31,2,0,2,12,0.8,4.08,1505.0,1080,37,0.0,0,0,9.0,0.876444444
770,31,2,2,2,12,0.8,15.26,1120.0,1440,50,0.0,0,0,34.0,0.800806306
771,31,2,0,2,5,0.75,4.15,1504.0,240,37,0.0,0,0,2.0,0.760833333
772,31,2,2,2,5,0.8,30.1,679.0,7140,0,0.0,0,0,59.5,0.722568627
773,31,2,0,2,11,0.6,2.9,1520.0,1200,37,0.0,0,0,10.0,0.715333333
774,31,2,2,2,7,0.7,30.1,881.0,7080,0,0.0,0,1,59.0,0.700632768
775,31,2,2,2,8,0.7,30.1,507.0,5880,40,2.0,10,1,59.0,0.700573099
776,31,2,2,2,6,0.75,18.79,814.0,4080,0,0.0,0,0,34.0,0.681598039
777,31,2,2,2,11,0.65,11.41,700.0,2640,23,0.0,0,2,53.0,0.650223718
778,31,2,0,2,8,0.7,4.15,1504.0,960,37,0.0,0,0,8.0,0.605208333
779,31,2,0,2,6,0.8,2.9,1520.0,960,37,0.0,0,0,8.0,0.604166667
780,31,2,2,2,4,0.75,30.1,919.0,7140,0,0.0,0,1,59.5,0.598627451
781,31,2,2,2,3,0.6,30.1,1361.0,6960,30,0.0,0,1,58.0,0.475718391
782,31,2,2,2,2,0.8,22.52,12.0,6900,0,0.0,0,0,57.5,0.432122899
783,31,2,0,2,4,0.75,4.15,1504.0,2400,37,0.0,0,0,20.0,0.287041667
784,31,2,2,2,9,0.5,18.79,1688.0,5280,0,0.0,0,1,54.0,0.283054487
785,32,2,2,0,1,0.8,22.52,1422.0,6840,113,0.0,0,0,57.0,1.000230409
786,32,2,0,0,9,0.8,3.94,1506.0,1200,37,0.0,0,0,10.0,0.960433333
787,32,2,0,0,12,0.8,4.08,1505.0,1080,37,0.0,0,0,9.0,0.891555556
788,32,2,0,0,3,0.5,4.15,1504.0,960,37,0.0,0,0,8.0,0.864583333
789,32,2,2,0,3,0.65,30.1,1263.0,600,63,0.0,0,1,58.0,0.802243319
790,32,2,2,0,5,0.8,30.1,461.0,0,0,0.0,0,0,59.0,0.800980392
791,32,2,2,0,12,0.8,15.26,1079.0,3720,38,0.0,0,0,34.0,0.800312375
792,32,2,0,0,6,0.8,2.9,1520.0,960,37,0.0,0,0,8.0,0.773333333
793,32,2,2,0,6,0.75,18.79,895.0,3960,0,0.0,0,0,33.0,0.75065101
794,32,2,2,0,4,0.75,30.1,912.0,7020,0,0.0,0,1,58.0,0.750356125
795,32,2,0,0,4,0.75,4.15,1504.0,1800,37,0.0,0,0,15.0,0.722333333
796,32,2,2,0,7,0.7,30.1,784.0,600,30,0.0,0,1,59.0,0.700459889
797,32,2,0,0,5,0.75,4.15,1504.0,1200,37,0.0,0,0,10.0,0.629416667
798,32,2,2,0,8,0.7,30.1,7.0,7080,27,2.0,10,2,59.0,0.621971751
799,32,2,2,0,11,0.7,11.41,680.0,2160,30,0.0,0,2,54.0,0.565972222
800,32,2,2,0,10,0.6,18.22,1131.0,5280,0,0.0,0,1,44.0,0.35542803
801,32,2,2,0,9,0.6,18.79,2103.0,5400,0,0.0,0,1,54.0,0.329964879
802,32,2,0,0,7,0.7,4.15,1504.0,1800,37,0.0,0,0,15.0,0.258
803,33,2,2,4,1,0.8,22.52,1445.0,6840,113,0.0,0,0,57.0,1.000230409
804,33,2,0,4,10,0.8,3.94,1506.0,960,37,0.0,0,0,8.0,0.927541667
805,33,2,0,4,7,0.7,5.13,1491.0,1200,37,0.0,0,0,10.0,0.91375
806,33,2,0,4,12,0.8,5.13,1491.0,1080,37,0.0,0,0,9.0,0.9025
807,33,2,2,4,12,0.8,15.26,1133.0,4080,38,0.0,0,0,34.0,0.800401961
808,33,2,0,4,3,0.5,5.13,1491.0,1800,37,0.0,0,0,15.0,0.7866
809,33,2,2,4,6,0.75,18.79,726.0,3360,0,0.0,0,0,33.0,0.750621354
810,33,2,2,4,4,0.75,30.1,849.0,7020,45,0.0,0,1,58.0,0.750356125
811,33,2,0,4,6,0.8,2.9,1520.0,960,37,0.0,0,0,8.0,0.749166667
812,33,2,2,4,7,0.7,30.1,562.0,840,30,0.0,0,1,59.0,0.700888203
813,33,2,2,4,11,0.7,11.41,1054.0,3420,30,0.0,0,2,56.0,0.700614035
814,33,2,2,4,3,0.7,30.1,1422.0,6960,50,0.0,0,1,58.0,0.700603448
815,33,2,0,4,4,0.75,5.13,1491.0,960,37,0.0,0,0,8.0,0.656666667
816,33,2,2,4,5,0.8,30.1,680.0,7140,0,0.0,0,0,59.0,0.653431373
817,33,2,2,4,9,0.65,18.79,2120.0,5520,0,0.0,0,1,51.0,0.650134
818,33,2,2,4,8,0.6,29.4,179.0,0,23,5.0,30,2,58.0,0.600982906
819,33,2,0,4,9,0.8,3.94,1506.0,960,37,0.0,0,0,8.0,0.586041667
820,33,2,0,4,2,0.8,5.13,1491.0,1800,37,0.0,0,0,15.0,0.5814
821,33,2,2,4,2,0.5,30.33,838.0,6720,0,0.0,0,1,56.0,0.361071429
822,33,2,2,4,10,0.65,18.22,741.0,0,0,8.0,35,1,49.0,0.302117347
823,34,2,0,5,12,0.8,5.13,1491.0,1200,37,0.0,0,0,10.0,0.9918
824,34,2,0,5,6,0.8,2.9,1520.0,1440,37,0.0,0,0,12.0,0.936861111
825,34,2,0,5,2,0.8,5.13,1491.0,1440,38,0.0,0,0,12.0,0.919125
826,34,2,2,5,11,0.7,11.41,685.0,3360,30,0.0,0,2,56.0,0.8211125
827,34,2,2,5,4,0.8,30.1,864.0,480,50,0.0,0,1,58.0,0.800980392
828,34,2,2,5,5,0.8,30.1,511.0,0,0,0.0,0,0,59.0,0.800980392
829,34,2,2,5,12,0.8,15.26,1095.0,4080,63,0.0,0,0,34.0,0.800401961
830,34,2,2,5,1,0.8,22.52,1374.0,3960,63,0.0,0,0,57.0,0.800279693
831,34,2,2,5,6,0.75,18.79,759.0,3960,34,0.0,0,0,33.0,0.75065101
832,34,2,2,5,7,0.75,30.1,553.0,2280,45,0.0,0,1,59.0,0.75053268
833,34,2,0,5,4,0.75,5.13,1491.0,960,38,0.0,0,0,8.0,0.734645833
834,34,2,2,5,3,0.7,30.1,1057.0,0,40,0.0,0,1,58.0,0.700603448
835,34,2,2,5,9,0.7,18.79,1587.0,4560,30,0.0,0,1,51.0,0.70009573
836,34,2,0,5,7,0.7,5.13,1491.0,960,38,0.0,0,0,8.0,0.671875
837,34,2,0,5,10,0.8,3.94,1506.0,960,38,0.0,0,0,8.0,0.64025
838,34,2,0,5,8,0.7,5.13,1491.0,960,38,0.0,0,0,8.0,0.58
839,34,2,0,5,9,0.8,3.94,1506.0,960,38,0.0,0,0,8.0,0.549791667
840,34,2,2,5,2,0.6,30.33,868.0,6840,0,0.0,0,1,57.0,0.328131579
841,34,2,2,5,10,0.7,19.68,1119.0,5640,0,8.0,35,1,47.0,0.303574468
842,34,2,0,5,3,0.5,5.13,1491.0,960,38,0.0,0,0,8.0,0.2565
843,34,2,2,5,8,0.65,29.4,962.0,4560,0,4.5,30,2,57.0,0.251399254
844,35,2,0,3,3,0.5,5.13,1491.0,2880,38,0.0,0,0,12.0,0.81640625
845,35,2,2,3,12,0.8,15.26,1126.0,1080,38,0.0,0,0,34.0,0.800711494
846,35,2,2,3,1,0.8,22.52,265.0,3840,63,0.0,0,0,57.0,0.800470513
847,35,2,2,3,4,0.8,30.1,859.0,7020,63,0.0,0,1,58.5,0.800094017
848,35,2,2,3,5,0.8,30.1,276.0,600,63,3.5,15,0,59.5,0.799982853
849,35,2,0,3,6,0.8,2.9,1520.0,4320,38,0.0,0,0,18.0,0.785864198
850,35,2,2,3,6,0.75,18.79,899.0,3960,56,0.0,0,0,33.0,0.75065101
851,35,2,0,3,10,0.8,3.94,1506.0,2400,38,0.0,0,0,10.0,0.733277778
852,35,2,0,3,2,0.8,5.13,1491.0,3600,38,0.0,0,0,15.0,0.710125
853,35,2,2,3,3,0.7,30.1,247.0,6960,50,0.0,0,1,58.0,0.700603448
854,35,2,2,3,11,0.7,11.41,653.0,3480,30,0.0,0,2,58.0,0.700540441
855,35,2,2,3,8,0.7,29.4,1116.0,6240,0,0.0,0,2,57.0,0.7
856,35,2,0,3,4,0.75,5.13,1491.0,1920,38,0.0,0,0,8.0,0.684027778
857,35,2,0,3,8,0.7,5.13,1491.0,1920,38,0.0,0,0,8.0,0.672135417
858,35,2,2,3,9,0.7,18.79,1603.0,6120,30,0.0,0,1,51.0,0.638614379
859,35,2,0,3,5,0.75,5.13,1491.0,1920,38,0.0,0,0,8.0,0.631354167
860,35,2,2,3,7,0.75,30.1,444.0,0,0,5.0,20,1,59.0,0.611140537
861,35,2,0,3,12,0.8,5.13,1491.0,2160,38,0.0,0,0,9.0,0.609583333
862,35,2,2,3,2,0.65,30.33,841.0,6840,0,0.0,0,1,57.0,0.585315789
863,35,2,2,3,10,0.7,19.68,1410.0,5760,0,0.0,0,1,48.0,0.249416667
864,37,3,0,2,3,0.5,5.13,1491.0,1800,38,0.0,0,0,15.0,0.8721
865,37,3,0,2,6,0.8,2.9,1520.0,960,38,0.0,0,0,8.0,0.8319375
866,37,3,0,2,2,0.8,5.13,1491.0,4800,38,0.0,0,0,20.0,0.8300625
867,37,3,0,2,11,0.6,2.9,1520.0,2880,38,0.0,0,0,12.0,0.805555556
868,37,3,2,2,12,0.8,15.26,1103.0,4080,63,0.0,0,0,34.0,0.800401961
869,37,3,2,2,4,0.8,30.1,922.0,5820,63,0.0,0,1,59.0,0.80000295
870,37,3,0,2,12,0.8,5.13,1491.0,2400,38,0.0,0,0,10.0,0.78375
871,37,3,0,2,9,0.8,3.94,1506.0,2400,38,0.0,0,0,10.0,0.753525
872,37,3,2,2,6,0.75,18.79,1055.0,3960,45,0.0,0,0,33.0,0.75065101
873,37,3,0,2,1,0.8,3.94,1506.0,2880,38,0.0,0,0,12.0,0.727349537
874,37,3,2,2,8,0.7,29.4,1146.0,6840,40,0.0,0,2,57.0,0.700614035
875,37,3,2,2,2,0.7,30.33,746.0,6840,0,0.0,0,1,57.0,0.700605263
876,37,3,2,2,11,0.75,11.41,834.0,3480,0,0.0,0,2,58.0,0.672140805
877,37,3,2,2,9,0.7,18.79,1717.0,3240,30,0.0,0,1,57.0,0.627011183
878,37,3,2,2,3,0.7,30.1,1041.0,8160,33,0.0,0,2,58.0,0.626577778
879,37,3,2,2,10,0.7,21.25,1531.0,6000,0,0.0,0,1,50.0,0.456875
880,37,3,2,2,7,0.75,30.1,627.0,6960,0,3.5,20,1,58.0,0.393548851
881,37,3,0,2,10,0.8,3.94,1506.0,960,38,0.0,0,0,8.0,0.385791667
882,37,3,2,2,5,0.8,30.1,450.0,5700,0,4.5,25,0,60.0,0.307501459
883,37,3,0,2,7,0.7,5.13,1491.0,960,38,0.0,0,0,8.0,0.283958333
884,38,3,0,0,10,0.8,3.94,1506.0,2400,38,0.0,0,0,20.0,0.955791667
885,38,3,0,0,8,0.7,5.13,1491.0,960,39,0.0,0,0,8.0,0.930416667
886,38,3,0,0,12,0.8,5.13,1491.0,1080,39,0.0,0,0,9.0,0.9025
887,38,3,0,0,3,0.8,5.13,1491.0,2160,39,0.0,0,0,18.0,0.87115
888,38,3,2,0,12,0.8,15.26,1060.0,4080,63,0.0,0,0,34.0,0.800401961
889,38,3,2,0,4,0.8,30.1,891.0,7140,38,0.0,0,1,59.0,0.800137255
890,38,3,2,0,5,0.8,30.1,541.0,7140,38,0.0,0,0,59.0,0.800137255
891,38,3,2,0,7,0.75,30.1,709.0,6960,45,0.0,0,1,58.0,0.750770115
892,38,3,2,0,6,0.75,18.79,1100.0,3960,45,0.0,0,0,33.0,0.75065101
893,38,3,2,0,11,0.75,11.41,826.0,2820,0,0.0,0,2,58.0,0.750293939
894,38,3,2,0,2,0.7,30.33,577.0,2160,30,0.0,0,1,58.0,0.700623
895,38,3,2,0,8,0.7,29.4,1094.0,6840,40,0.0,0,2,57.0,0.700614035
896,38,3,2,0,3,0.7,29.4,1228.0,6960,30,0.0,0,2,58.0,0.700362069
897,38,3,2,0,9,0.7,18.79,1641.0,6000,40,0.0,0,1,50.0,0.60128
898,38,3,2,0,10,0.7,21.25,1583.0,6000,0,0.0,0,1,50.0,0.417916667
899,38,3,0,0,6,0.8,2.9,1520.0,960,39,0.0,0,0,8.0,0.3715625
900,38,3,0,0,9,0.8,2.9,1520.0,960,39,0.0,0,0,8.0,0.3715625
901,38,3,0,0,2,0.8,5.13,1491.0,960,39,0.0,0,0,8.0,0.36871875
902,38,3,0,0,7,0.7,5.13,1491.0,960,39,0.0,0,0,8.0,0.356458333
903,39,3,0,4,10,0.7,2.9,1520.0,1800,39,0.0,0,0,15.0,0.902222222
904,39,3,0,4,3,0.8,4.6,1498.0,1440,39,0.0,0,0,12.0,0.811388889
905,39,3,2,4,12,0.8,15.26,1062.0,4080,50,0.0,0,0,34.0,0.800401961
906,39,3,2,4,5,0.8,30.1,450.0,7140,50,0.0,0,0,60.0,0.800137255
907,39,3,2,4,4,0.8,30.1,901.0,6480,50,0.0,0,1,59.0,0.800071839
908,39,3,0,4,8,0.7,4.6,1498.0,960,39,0.0,0,0,8.0,0.791458333
909,39,3,2,4,7,0.75,30.1,739.0,5640,45,0.0,0,1,59.0,0.750727326
910,39,3,2,4,6,0.75,18.79,913.0,3360,45,0.0,0,0,33.0,0.75065101
911,39,3,2,4,11,0.75,11.61,698.0,3360,34,0.0,0,2,57.0,0.750437269
912,39,3,2,4,3,0.75,29.4,1172.0,5340,45,0.0,0,2,60.0,0.750176991
913,39,3,0,4,6,0.75,2.9,1520.0,1800,39,0.0,0,0,15.0,0.726933333
914,39,3,0,4,9,0.7,2.9,1520.0,1800,39,0.0,0,0,15.0,0.726933333
915,39,3,2,4,2,0.7,30.33,408.0,1680,30,0.0,0,1,59.0,0.700623
916,39,3,2,4,8,0.7,29.4,1079.0,4560,40,0.0,0,2,58.0,0.700518519
917,39,3,2,4,9,0.7,18.79,1068.0,3000,30,0.0,0,1,52.0,0.700256795
918,39,3,0,4,11,0.7,2.9,1520.0,960,39,0.0,0,0,8.0,0.5046875
919,39,3,2,4,10,0.7,21.25,1834.0,6360,0,0.0,0,1,53.0,0.471108491
920,39,3,0,4,2,0.7,3.9,1507.0,960,39,0.0,0,0,8.0,0.325
921,39,3,2,4,1,0.6,22.53,708.0,5040,0,0.0,0,1,42.0,0.268214286
922,40,3,2,5,9,0.75,18.79,1085.0,6240,56,0.0,0,1,52.0,0.970816667
923,40,3,0,5,5,0.8,4.6,1498.0,1080,39,0.0,0,0,9.0,0.902962963
924,40,3,0,5,3,0.8,4.6,1498.0,2400,39,0.0,0,0,20.0,0.900833333
925,40,3,0,5,12,0.8,4.6,1498.0,1800,39,0.0,0,0,15.0,0.899555556
926,40,3,0,5,10,0.7,2.9,1520.0,1200,39,0.0,0,0,10.0,0.845833333
927,40,3,2,5,4,0.8,30.1,323.0,4080,50,0.0,0,1,59.0,0.800808642
928,40,3,2,5,12,0.8,15.26,1053.0,4080,50,0.0,0,0,34.0,0.800401961
929,40,3,2,5,7,0.8,30.1,786.0,7080,50,0.0,0,2,59.0,0.800115819
930,40,3,2,5,6,0.75,18.79,1003.0,3960,45,0.0,0,1,33.0,0.75065101
931,40,3,2,5,11,0.75,11.61,635.0,3360,45,0.0,0,0,57.0,0.750503571
932,40,3,2,5,3,0.75,29.4,1283.0,6960,45,0.0,0,2,58.0,0.750206897
933,40,3,2,5,8,0.7,29.4,847.0,6960,30,0.0,0,1,58.0,0.700362069
934,40,3,2,5,2,0.7,30.33,361.0,3960,30,0.0,0,1,58.0,0.700069811
935,40,3,2,5,10,0.7,21.82,1653.0,6240,0,0.0,0,2,52.0,0.700058333
936,40,3,0,5,7,0.75,4.6,1498.0,960,39,0.0,0,0,8.0,0.676666667
937,40,3,0,5,8,0.7,4.6,1498.0,960,39,0.0,0,0,8.0,0.658541667
938,40,3,2,5,5,0.8,30.1,15.0,1200,49,0.0,0,1,59.0,0.598792339
939,40,3,2,5,1,0.65,22.53,762.0,5040,0,0.0,0,1,42.0,0.581130952
940,40,3,0,5,2,0.7,3.9,1507.0,960,39,0.0,0,0,8.0,0.440375
941,40,3,0,5,6,0.75,2.9,1520.0,960,39,0.0,0,0,8.0,0.410833333
942,40,3,0,5,9,0.7,2.9,1520.0,960,39,0.0,0,0,8.0,0.410833333
943,41,3,0,3,3,0.8,4.6,1498.0,6300,39,0.0,0,0,15.0,0.921703704
944,41,3,0,3,5,0.8,4.6,1498.0,7560,40,0.0,0,0,18.0,0.921604938
945,41,3,2,3,7,0.8,30.1,694.0,4080,50,0.0,0,1,59.0,0.800808642
946,41,3,2,3,11,0.8,11.61,816.0,2820,50,0.0,0,2,57.0,0.800516667
947,41,3,2,3,12,0.8,15.26,1065.0,4080,63,0.0,0,0,34.0,0.800401961
948,41,3,0,3,1,0.5,3.94,1506.0,3360,40,0.0,0,0,8.0,0.768847222
949,41,3,2,3,6,0.75,18.79,912.0,3960,45,0.0,0,0,33.0,0.75065101
950,41,3,2,3,3,0.75,29.4,1244.0,6840,45,0.0,0,2,57.0,0.750473684
951,41,3,2,3,9,0.75,18.79,1020.0,5640,45,0.0,0,1,52.0,0.750371895
952,41,3,2,3,8,0.75,29.4,916.0,6960,56,0.0,0,2,58.0,0.750206897
953,41,3,2,3,10,0.7,21.82,1591.0,3240,0,0.0,0,1,52.0,0.700251773
954,41,3,2,3,2,0.7,30.33,398.0,6960,0,0.0,0,1,58.0,0.66237931
955,41,3,0,3,12,0.8,4.6,1498.0,3780,40,0.0,0,0,9.0,0.590617284
956,41,3,0,3,2,0.7,3.9,1507.0,960,40,0.0,0,0,8.0,0.5565625
